programming,maths,communication,logic,self_learning,projects_completed,years_experience,internships,gpa,career
77,81,64,80,0,5,3,1,8.6,HR
55,61,91,70,0,1,1,0,8.6,Software
59,61,85,67,0,1,0,0,8.6,Teacher
82,89,61,84,1,3,2,0,8.6,HR
62,71,84,74,1,1,1,0,8.6,HR
55,64,93,75,0,1,0,0,8.6,Teacher
84,89,60,80,1,6,4,1,8.6,Software
57,61,83,66,1,1,1,0,8.6,Teacher
82,85,68,87,1,4,1,1,8.6,HR
84,75,62,80,1,5,4,1,8.6,Software
89,72,71,83,1,4,1,1,8.6,Software
59,61,93,73,0,1,1,1,8.6,Teacher
63,62,85,79,1,3,1,0,8.6,Teacher
53,67,94,69,1,1,1,1,8.6,Teacher
87,82,64,76,1,7,3,1,8.6,Software
91,85,56,83,1,7,3,1,8.6,Software
81,94,70,75,0,4,1,1,8.6,HR
52,77,80,78,0,2,1,1,8.6,Teacher
67,94,62,81,1,4,2,1,8.6,HR
93,78,67,86,1,6,4,1,8.6,Software
72,85,60,82,1,4,2,1,8.6,HR
60,73,87,76,0,3,0,0,8.6,Teacher
59,68,90,79,1,1,0,1,8.6,Teacher
83,81,65,81,1,6,2,1,8.6,Software
68,68,84,65,0,3,0,0,8.6,Teacher
75,89,75,83,1,6,1,1,8.6,HR
88,89,71,85,1,5,1,1,8.6,Software
62,74,81,67,0,2,0,0,8.6,Teacher
68,65,82,74,1,1,0,0,8.6,Teacher
82,88,60,80,1,3,1,0,8.6,HR
89,77,55,84,1,5,2,1,8.6,Software
89,82,69,89,1,7,2,1,8.6,Software
54,63,82,79,1,2,0,0,8.6,Teacher
65,78,89,74,0,1,1,0,8.6,Teacher
91,78,59,75,1,5,1,1,8.6,Software
66,75,86,74,1,3,1,1,8.6,Teacher
67,70,90,76,1,1,1,1,8.6,Teacher
75,87,69,83,0,5,1,0,8.6,HR
85,78,63,80,1,4,1,1,8.6,Software
79,93,61,78,1,4,2,1,8.6,HR
82,73,65,87,1,5,2,1,8.6,Software
55,79,80,68,1,2,1,1,8.6,Teacher
80,85,66,79,1,4,4,1,8.6,Software
60,70,81,79,1,1,1,1,8.6,Teacher
80,89,60,77,1,4,4,1,8.6,Software
73,91,63,79,0,5,2,1,8.6,HR
65,74,90,72,0,3,0,1,8.6,Teacher
83,89,78,88,0,5,2,0,8.6,HR
93,73,65,76,1,7,1,1,8.6,Software
92,81,57,80,1,6,1,1,8.6,Software
56,66,80,66,1,1,1,0,8.6,Teacher
75,93,66,77,0,4,2,0,8.6,HR
65,81,61,81,0,6,3,1,8.6,HR
66,60,80,78,0,2,1,1,8.6,Teacher
88,86,61,84,1,7,3,1,8.6,Software
87,88,63,85,1,6,4,1,8.6,Software
84,82,60,86,0,3,2,1,8.6,HR
52,79,89,65,0,3,1,0,8.6,HR
75,89,74,81,0,4,3,1,8.6,HR
83,82,73,77,1,7,3,1,8.6,Software
65,68,90,70,0,1,0,0,8.6,Teacher
82,82,70,86,1,7,4,1,8.6,Software
67,63,81,70,1,3,0,0,8.6,Teacher
86,83,68,78,1,6,1,1,8.6,Software
54,60,80,67,1,2,0,1,8.6,Teacher
62,74,80,70,1,2,0,1,8.6,Teacher
76,84,60,88,0,3,1,0,8.6,HR
66,75,92,72,1,2,0,0,8.6,Teacher
58,67,86,69,0,3,0,0,8.6,Teacher
92,77,73,87,1,6,1,1,8.6,Software
62,64,86,67,0,1,0,0,8.6,Teacher
66,75,94,79,0,3,0,0,8.6,Teacher
65,80,76,77,1,4,2,0,8.6,HR
53,78,92,68,1,3,0,0,8.6,Teacher
54,79,87,71,0,3,0,1,8.6,Teacher
78,82,63,88,0,3,3,1,8.6,HR
57,78,87,66,1,3,1,0,8.6,Teacher
68,88,66,76,0,6,1,1,8.6,HR
82,80,66,76,0,6,1,1,8.6,HR
81,85,64,85,1,6,3,0,8.6,HR
62,60,83,72,0,1,1,1,8.6,Teacher
73,83,61,80,1,3,3,1,8.6,HR
66,70,86,77,0,2,0,1,8.6,Teacher
68,72,86,73,1,2,1,1,8.6,Software
65,78,81,79,1,2,0,0,8.6,Teacher
79,84,76,86,0,4,1,1,8.6,HR
86,70,67,78,1,6,3,1,8.6,Software
83,80,63,88,1,5,2,1,8.6,HR
58,60,84,71,1,2,1,1,8.6,Teacher
89,73,66,82,1,6,2,1,8.6,Software
60,69,90,68,0,1,1,0,8.6,Teacher
80,81,69,80,1,4,3,0,8.6,HR
67,91,72,76,0,3,3,1,8.6,HR
53,78,88,75,1,2,1,0,8.6,Teacher
79,80,60,77,0,4,3,1,8.6,HR
82,91,77,89,1,3,2,1,8.6,HR
68,63,83,69,0,1,1,1,8.6,Teacher
68,74,83,79,0,3,1,0,8.6,Teacher
53,64,84,73,0,1,1,0,8.6,Teacher
66,72,80,66,0,3,0,0,8.6,Teacher
68,81,72,88,1,4,2,0,8.6,HR
91,83,59,75,1,5,2,1,8.6,Software
87,87,72,88,1,7,3,1,8.6,Software
73,92,67,78,1,4,3,0,8.6,HR
84,92,77,89,1,3,1,1,8.6,HR
79,88,75,84,1,4,1,0,8.6,HR
80,70,71,81,1,4,3,1,8.6,Software
88,73,74,81,1,5,4,1,8.6,Software
61,74,83,72,1,1,1,1,8.6,Teacher
66,82,66,81,1,5,2,0,8.6,HR
81,81,61,89,1,6,4,1,8.6,Software
66,67,91,71,1,2,0,0,8.6,Teacher
62,68,89,69,1,2,0,1,8.6,Teacher
56,71,84,71,1,3,1,1,8.6,Teacher
65,88,70,77,1,5,3,0,8.6,HR
88,77,67,78,1,5,3,1,8.6,Software
67,80,73,84,0,4,3,0,8.6,HR
91,87,55,89,1,5,1,1,8.6,Software
81,85,75,79,0,5,3,1,8.6,HR
94,73,64,84,1,7,1,1,8.6,Software
64,72,93,65,0,2,0,0,8.6,Teacher
68,76,85,79,0,3,1,1,8.6,Teacher
57,65,83,71,0,1,1,1,8.6,Teacher
73,86,68,76,1,6,2,1,8.6,HR
93,85,59,81,1,4,3,1,8.6,Software
81,86,66,89,0,3,3,1,8.6,HR
83,94,68,85,0,6,2,1,8.6,HR
89,80,63,84,1,5,1,1,8.6,Software
92,71,55,76,1,6,2,1,8.6,Software
68,85,76,76,0,4,2,1,8.6,HR
90,87,59,79,1,7,1,1,8.6,Software
55,73,86,67,0,2,0,0,8.6,Teacher
66,62,92,70,1,2,0,0,8.6,Teacher
59,67,93,79,0,1,0,1,8.6,Teacher
93,71,61,82,1,5,1,1,8.6,Software
69,81,69,85,0,4,2,0,8.6,HR
92,70,56,88,1,7,3,1,8.6,Software
83,87,63,79,1,6,3,1,8.6,Software
64,73,80,74,0,2,1,0,8.6,Teacher
91,82,57,80,1,6,2,1,8.6,Software
51,70,80,66,0,3,0,1,8.6,HR
81,84,59,82,1,6,4,1,8.6,Software
76,92,71,75,0,6,3,1,8.6,HR
58,66,81,74,1,1,1,0,8.6,Teacher
80,70,66,82,1,6,4,1,8.6,Software
78,87,61,76,1,4,1,1,8.6,HR
87,76,63,88,1,5,4,1,8.6,Software
76,83,70,79,1,3,2,0,8.6,Software
92,72,74,78,1,4,3,1,8.6,Software
60,68,83,67,0,3,0,1,8.6,Teacher
83,79,60,85,1,7,4,1,8.6,Software
88,84,69,87,1,7,1,1,8.6,Software
62,73,92,72,1,2,0,1,8.6,Teacher
93,81,58,87,1,5,2,1,8.6,Software
76,91,62,88,1,5,2,0,8.6,HR
74,93,63,88,0,6,3,1,8.6,HR
93,76,58,85,1,5,2,1,8.6,Software
62,67,87,76,0,3,0,0,8.6,Teacher
69,94,62,81,0,5,1,0,8.6,HR
94,75,62,76,1,7,1,1,8.6,Software
90,85,67,77,1,6,2,1,8.6,Software
60,61,80,69,0,3,0,1,8.6,Teacher
93,83,67,85,1,5,1,1,8.6,HR
81,91,73,78,0,3,1,1,8.6,HR
91,88,59,86,1,6,3,1,8.6,Software
73,81,65,79,0,5,3,0,8.6,HR
55,77,81,78,1,2,1,1,8.6,Teacher
60,65,90,77,0,2,1,0,8.6,Teacher
83,86,63,84,0,3,1,0,8.6,HR
62,67,86,77,0,2,0,1,8.6,Teacher
58,73,90,73,1,1,1,0,8.6,Teacher
54,75,84,76,1,2,1,0,8.6,Teacher
89,83,65,86,1,7,2,1,8.6,Software
57,75,91,77,1,1,0,1,8.6,Teacher
59,74,90,70,0,1,0,1,8.6,Teacher
58,71,82,79,0,2,0,0,8.6,Teacher
81,89,68,78,1,6,3,0,8.6,HR
84,90,66,84,1,5,3,0,8.6,HR
61,67,81,70,0,1,1,0,8.6,Teacher
94,70,62,79,1,5,3,1,8.6,Software
66,60,81,69,0,3,1,1,8.6,Teacher
60,66,92,77,0,1,1,0,8.6,Teacher
65,82,62,86,1,6,2,1,8.6,Software
74,88,64,80,1,4,2,0,8.6,Teacher
62,68,92,77,0,2,1,0,8.6,Teacher
88,73,67,76,1,6,1,1,8.6,Software
91,75,74,77,1,6,3,1,8.6,Software
77,89,77,87,0,6,1,1,8.6,HR
58,69,85,67,0,3,1,0,8.6,Teacher
54,67,80,71,0,1,0,1,8.6,Teacher
84,91,60,78,1,3,2,1,8.6,HR
73,91,60,88,0,4,2,0,8.6,HR
73,85,63,83,1,5,2,1,8.6,HR
61,65,83,67,1,2,0,0,8.6,Teacher
81,87,77,78,0,5,3,1,8.6,HR
89,79,70,87,1,6,4,1,8.6,Software
66,86,63,76,1,4,3,0,8.6,HR
69,86,65,89,0,6,1,1,8.6,HR
78,85,76,81,1,6,1,0,8.6,HR
72,87,66,87,1,4,2,0,8.6,Teacher
66,68,80,72,0,2,0,1,8.6,Teacher
60,61,93,76,1,1,1,1,8.6,Teacher
79,89,78,80,1,6,1,1,8.6,HR
59,70,85,76,1,3,0,1,8.6,Teacher
79,84,68,81,0,3,3,1,8.6,HR
89,73,65,88,1,6,3,1,8.6,Software
64,77,88,74,0,3,0,1,8.6,Teacher
70,92,78,75,1,3,1,0,8.6,HR
76,87,70,75,0,3,3,1,8.6,HR
52,65,82,79,1,3,1,0,8.6,Teacher
65,93,77,77,0,4,2,1,8.6,HR
83,82,74,80,1,6,2,1,8.6,HR
83,74,65,83,1,4,4,1,8.6,Software
82,80,67,75,0,5,1,0,8.6,HR
52,69,82,65,1,1,0,1,8.6,Teacher
87,84,66,81,1,7,2,1,8.6,Software
66,85,79,78,0,3,1,0,8.6,HR
93,85,74,82,1,7,4,1,8.6,Software
57,77,92,68,1,3,1,1,8.6,Teacher
79,89,67,77,1,6,2,0,8.6,HR
79,83,79,89,1,6,2,0,8.6,HR
67,86,77,84,0,6,2,1,8.6,HR
70,82,73,84,1,4,2,1,8.6,HR
60,67,91,67,0,2,0,0,8.6,HR
68,60,82,71,0,3,0,0,8.6,Software
64,75,93,77,0,2,0,1,8.6,Teacher
69,71,81,71,1,1,0,1,8.6,Teacher
78,89,74,86,1,6,1,1,8.6,HR
81,90,74,85,0,6,2,0,8.6,HR
66,64,91,70,0,2,1,0,8.6,Teacher
88,89,58,85,1,7,1,1,8.6,Software
82,85,69,83,1,4,2,1,8.6,Software
53,78,81,73,1,2,1,0,8.6,Teacher
52,68,85,76,0,2,1,1,8.6,Teacher
67,71,90,75,0,1,0,0,8.6,Teacher
88,89,65,81,1,7,3,1,8.6,Software
93,73,61,75,1,4,2,1,8.6,Software
91,87,73,89,1,7,3,1,8.6,Software
87,83,59,77,1,4,3,1,8.6,Software
92,84,70,87,1,5,2,1,8.6,Software
67,66,94,69,1,2,0,0,8.6,Teacher
84,79,68,88,1,4,2,1,8.6,Software
84,70,69,83,1,4,4,1,8.6,Software
66,87,63,85,0,5,1,1,8.6,Teacher
84,79,58,79,1,4,3,1,8.6,Software
65,67,82,68,0,3,1,1,8.6,Teacher
80,87,71,88,0,5,1,1,8.6,HR
80,82,60,83,0,3,2,1,8.6,HR
87,84,70,75,1,4,4,1,8.6,Software
68,65,86,77,0,2,0,1,8.6,Teacher
77,80,72,75,0,5,2,1,8.6,HR
69,73,85,68,1,3,0,1,8.6,Teacher
65,61,93,72,0,1,1,1,8.6,Teacher
92,78,59,89,1,5,4,1,8.6,Software
83,83,64,81,1,5,3,1,8.6,Software
67,92,69,85,1,4,3,0,8.6,HR
74,84,60,75,0,3,1,0,8.6,HR
83,78,70,84,1,6,1,1,8.6,Software
70,92,67,86,0,5,1,0,8.6,HR
61,78,89,75,1,2,0,0,8.6,Teacher
69,72,80,73,1,1,1,0,8.6,Teacher
71,84,74,84,1,6,1,0,8.6,HR
87,84,68,78,1,6,4,1,8.6,Software
87,74,66,76,1,4,4,1,8.6,Software
80,71,71,79,1,5,2,1,8.6,Software
84,78,73,86,1,6,1,1,8.6,Software
68,91,75,75,1,6,3,1,8.6,HR
88,87,73,81,1,7,2,1,8.6,Software
63,78,90,66,0,2,0,0,8.6,Software
66,88,61,79,0,3,1,0,8.6,HR
67,88,73,87,0,3,3,0,8.6,HR
52,60,83,76,1,2,1,0,8.6,Teacher
68,93,74,86,1,6,1,0,8.6,HR
54,69,86,74,0,3,0,1,8.6,Teacher
75,85,60,83,1,4,1,0,8.6,HR
82,87,68,76,1,4,1,1,8.6,HR
79,84,74,84,0,6,3,1,8.6,HR
66,89,69,86,1,4,3,1,8.6,HR
91,75,61,76,1,5,2,1,8.6,Software
82,73,55,87,1,7,4,1,8.6,Software
84,71,73,82,1,5,1,1,8.6,Software
87,86,65,85,1,5,1,1,8.6,Software
80,82,72,80,1,4,1,1,8.6,Software
92,88,59,85,1,5,3,1,8.6,Software
81,83,60,76,1,7,4,1,8.6,Software
73,90,75,87,0,4,2,1,8.6,HR
80,83,77,89,1,4,2,0,8.6,HR
72,91,74,83,0,5,1,1,8.6,HR
56,70,93,71,0,2,0,0,8.6,Software
52,69,82,75,1,1,0,0,8.6,Teacher
69,89,76,86,0,6,3,1,8.6,HR
81,80,70,81,1,5,1,1,8.6,HR
88,77,74,88,1,7,2,1,8.6,Software
93,70,68,87,1,4,4,1,8.6,Software
84,73,67,81,1,5,3,1,8.6,Software
84,89,65,81,0,4,3,1,8.6,HR
53,60,87,67,1,1,1,0,8.6,Teacher
67,91,67,87,1,6,3,1,8.6,HR
76,80,75,83,0,5,1,1,8.6,HR
66,71,88,77,1,2,0,0,8.6,Teacher
71,82,69,84,0,4,2,1,8.6,HR
65,65,88,75,1,3,1,1,8.6,Teacher
69,66,88,72,0,2,1,1,8.6,Teacher
81,86,67,75,1,5,1,1,8.6,Software
61,70,82,75,1,3,0,0,8.6,Teacher
59,61,83,70,0,1,1,0,8.6,Teacher
50,65,86,69,1,2,1,1,8.6,Teacher
67,94,72,80,0,6,2,0,8.6,HR
89,85,62,75,1,7,1,1,8.6,Software
84,79,57,76,1,4,3,1,8.6,Software
50,77,91,67,1,2,1,1,8.6,Teacher
51,78,93,78,1,2,1,0,8.6,Teacher
52,64,80,75,1,1,1,0,8.6,Teacher
69,84,73,76,1,3,2,0,8.6,HR
86,88,56,88,1,5,2,1,8.6,Software
65,94,71,76,1,5,2,0,8.6,HR
58,73,92,76,1,2,0,1,8.6,Teacher
66,77,81,73,0,2,0,0,8.6,Teacher
55,70,90,75,1,2,0,0,8.6,Teacher
89,77,61,87,1,5,2,1,8.6,Software
66,61,84,65,0,3,1,0,8.6,Teacher
80,73,63,81,1,5,1,1,8.6,Software
91,84,62,80,1,4,3,1,8.6,Software
88,83,69,83,1,7,3,1,8.6,Software
65,86,66,78,0,4,3,0,8.6,HR
61,62,92,68,0,2,0,0,8.6,Teacher
89,70,70,78,1,4,4,1,8.6,Software
68,94,79,83,0,3,2,1,8.6,HR
55,62,85,73,1,3,1,1,8.6,Teacher
67,87,72,81,0,6,1,1,8.6,HR
58,79,80,67,0,1,0,1,8.6,Teacher
91,85,69,75,1,7,4,1,8.6,Software
83,74,73,79,1,7,4,1,8.6,Software
84,71,64,79,1,6,1,1,8.6,HR
86,80,58,86,1,6,1,1,8.6,Software
62,68,89,65,1,3,1,1,8.6,Teacher
79,94,74,82,1,5,3,1,8.6,HR
92,82,64,76,1,4,4,1,8.6,Software
81,84,69,86,0,5,3,1,8.6,HR
53,71,88,68,0,3,1,1,8.6,Teacher
81,73,70,85,1,5,4,1,8.6,Software
69,74,85,76,0,2,1,0,8.6,Teacher
82,87,67,87,1,7,3,1,8.6,Software
94,72,59,85,1,7,1,1,8.6,Software
56,77,87,72,0,1,1,1,8.6,Teacher
75,80,67,81,1,3,2,1,8.6,HR
93,76,73,79,1,6,1,1,8.6,Software
60,61,88,70,0,2,0,0,8.6,Teacher
75,83,64,81,0,5,2,0,8.6,HR
68,78,87,74,0,3,1,1,8.6,Teacher
66,80,61,88,0,6,1,1,8.6,HR
75,94,66,77,0,3,3,0,8.6,HR
51,72,93,70,0,1,0,0,8.6,Teacher
63,73,88,66,0,1,1,0,8.6,Teacher
61,69,89,73,1,1,0,1,8.6,Teacher
51,73,83,65,0,2,0,1,8.6,Teacher
82,80,61,86,1,3,1,0,8.6,HR
70,80,73,75,1,6,3,1,8.6,HR
88,88,57,78,1,6,3,1,8.6,Software
53,68,94,78,0,2,1,0,8.6,Teacher
75,90,60,75,0,6,2,1,8.6,HR
67,90,77,87,1,5,3,0,8.6,HR
83,85,74,83,0,6,2,1,8.6,HR
63,78,82,72,1,2,1,1,8.6,Teacher
66,91,65,84,0,5,1,0,8.6,HR
70,87,76,86,1,4,2,1,8.6,HR
92,72,74,86,1,6,4,1,8.6,Software
85,73,66,77,1,4,3,1,8.6,Software
94,87,56,84,1,6,1,1,8.6,Software
73,89,74,77,0,4,1,1,8.6,HR
70,86,78,82,0,3,2,0,8.6,HR
80,91,74,79,1,5,3,0,8.6,Teacher
51,74,86,73,0,3,1,1,8.6,Teacher
80,75,64,80,1,5,3,1,8.6,Software
92,73,64,87,1,5,1,1,8.6,Software
65,80,66,84,1,5,2,1,8.6,HR
56,60,94,68,1,2,1,1,8.6,Teacher
67,85,70,89,1,6,1,1,8.6,HR
66,85,73,75,0,5,3,0,8.6,HR
63,74,91,67,0,2,1,1,8.6,Teacher
94,84,66,84,1,4,3,1,8.6,Software
81,83,61,79,1,7,2,1,8.6,Software
80,83,56,84,1,6,2,1,8.6,Software
53,72,83,78,1,3,0,1,8.6,Teacher
91,74,63,78,1,7,2,1,8.6,Software
83,82,62,80,1,4,1,1,8.6,Software
81,80,70,89,1,4,1,1,8.6,Software
87,84,74,86,1,5,3,1,8.6,Software
66,60,89,66,1,3,0,1,8.6,Teacher
73,90,62,88,0,4,1,0,8.6,HR
54,79,80,77,1,3,0,1,8.6,Teacher
77,94,67,88,1,3,1,1,8.6,HR
93,80,66,85,1,7,3,1,8.6,Software
59,78,86,78,0,1,0,1,8.6,Teacher
67,94,66,75,0,5,2,1,8.6,HR
89,82,55,84,1,5,2,1,8.6,Software
61,73,81,65,1,3,1,1,8.6,Teacher
90,77,61,86,1,6,3,1,8.6,Software
64,75,83,65,0,3,0,0,8.6,Teacher
86,79,69,81,1,7,4,1,8.6,Software
78,93,60,87,1,5,3,0,8.6,HR
53,78,85,76,1,1,0,1,8.6,Teacher
91,71,62,76,1,4,4,1,8.6,Software
57,67,93,65,1,1,0,0,8.6,Teacher
68,91,74,75,1,5,2,0,8.6,HR
89,86,70,87,1,5,4,1,8.6,Software
86,87,57,78,1,5,3,1,8.6,Software
86,74,64,84,1,5,3,1,8.6,Software
58,62,87,78,0,2,0,0,8.6,Teacher
62,62,92,67,0,1,1,0,8.6,Teacher
83,85,66,75,1,4,4,1,8.6,Software
68,80,60,75,0,4,1,0,8.6,HR
91,81,73,77,1,4,3,1,8.6,Software
86,84,74,84,1,6,2,1,8.6,Software
83,80,57,87,1,4,1,1,8.6,Software
71,94,73,81,0,3,1,0,8.6,HR
61,77,93,69,1,3,0,1,8.6,Teacher
88,71,70,79,1,7,4,1,8.6,Software
76,80,74,83,0,3,1,1,8.6,HR
86,83,60,75,1,5,4,1,8.6,Software
83,89,79,88,1,3,3,0,8.6,HR
52,60,90,72,1,3,0,0,8.6,Teacher
83,82,61,89,0,4,2,1,8.6,HR
76,90,61,76,0,4,2,0,8.6,HR
72,84,69,80,1,6,1,1,8.6,HR
86,76,66,87,1,6,4,1,8.6,Software
92,75,64,76,1,6,4,1,8.6,Software
65,69,88,68,0,2,1,1,8.6,Teacher
71,94,63,83,0,6,3,0,8.6,HR
66,76,89,78,0,3,1,0,8.6,Teacher
90,84,72,78,1,6,4,1,8.6,Software
59,75,87,76,1,1,0,1,8.6,Teacher
53,66,93,71,1,1,1,0,8.6,HR
77,90,79,85,1,5,2,1,8.6,HR
51,77,82,72,0,3,1,1,8.6,Teacher
91,78,66,75,1,7,1,1,8.6,Software
55,77,88,68,0,1,1,1,8.6,Teacher
59,67,83,79,0,3,0,1,8.6,Teacher
74,89,70,79,1,5,3,1,8.6,HR
84,70,57,89,1,6,3,1,8.6,Software
70,86,61,84,1,4,2,0,8.6,Teacher
91,86,59,89,1,4,2,1,8.6,Software
92,80,64,85,1,6,2,1,8.6,Software
89,79,60,81,1,7,1,1,8.6,Software
87,76,62,80,1,6,3,1,8.6,Software
86,83,58,84,1,7,2,1,8.6,Software
76,93,69,88,0,6,2,1,8.6,HR
82,83,59,77,1,4,2,1,8.6,Software
60,69,93,66,1,1,1,1,8.6,Teacher
93,80,70,87,1,4,2,1,8.6,Software
84,91,74,75,0,5,3,0,8.6,HR
74,91,77,86,0,5,1,0,8.6,HR
76,88,63,89,1,6,3,1,8.6,HR
86,84,71,79,1,5,4,1,8.6,Software
86,74,59,86,1,6,1,1,8.6,Software
82,82,77,88,1,4,3,0,8.6,HR
81,77,55,88,1,6,2,1,8.6,Software
82,90,75,79,1,3,2,1,8.6,HR
78,93,68,84,0,5,3,0,8.6,HR
87,70,71,81,1,5,1,1,8.6,Software
64,78,81,77,1,3,1,1,8.6,Teacher
92,73,72,76,1,4,1,1,8.6,Software
86,85,73,84,1,6,3,1,8.6,Software
54,61,93,65,0,1,1,1,8.6,Teacher
93,85,61,83,1,6,1,1,8.6,Software
86,79,74,88,1,7,4,1,8.6,Software
67,69,91,68,0,1,1,1,8.6,Teacher
54,72,90,72,0,3,0,0,8.6,Teacher
52,60,93,74,0,2,1,1,8.6,Teacher
71,91,77,85,1,5,3,1,8.6,HR
65,64,90,68,1,1,1,1,8.6,Teacher
55,71,93,71,1,2,1,1,8.6,Teacher
76,94,79,88,0,3,1,1,8.6,HR
81,86,62,79,1,5,3,1,8.6,HR
74,86,75,84,1,3,1,1,8.6,HR
85,73,55,78,1,6,4,1,8.6,Software
62,71,81,77,1,2,1,1,8.6,Teacher
72,91,74,85,0,5,3,1,8.6,HR
70,93,67,85,1,4,1,0,8.6,HR
93,82,74,76,1,5,4,1,8.6,Software
87,76,56,76,1,5,4,1,8.6,Software
71,85,73,87,0,5,3,0,8.6,HR
74,84,60,80,1,6,2,1,8.6,HR
65,68,80,67,1,2,0,0,8.6,Teacher
86,72,70,89,1,7,4,1,8.6,Software
66,71,94,67,0,2,0,0,8.6,Teacher
81,71,73,83,1,5,3,1,8.6,Software
75,85,64,83,1,3,3,0,8.6,HR
66,86,65,75,0,3,1,1,8.6,HR
66,64,91,65,1,3,1,1,8.6,Teacher
72,92,72,86,0,6,1,0,8.6,HR
53,63,87,65,0,2,1,0,8.6,Teacher
86,82,59,78,1,7,2,1,8.6,Software
65,75,91,70,0,1,0,1,8.6,Teacher
70,92,74,84,1,4,3,1,8.6,HR
85,84,65,87,1,6,2,1,8.6,Software
78,87,62,86,1,6,2,0,8.6,Software
67,90,74,89,0,4,3,0,8.6,HR
92,85,68,85,1,4,2,1,8.6,Software
82,80,64,87,1,4,1,1,8.6,Software
55,68,89,66,1,2,0,1,8.6,Teacher
68,80,70,88,1,5,1,1,8.6,HR
63,73,90,68,1,1,1,0,8.6,Teacher
66,66,92,65,0,3,0,1,8.6,Teacher
57,64,93,74,1,2,0,0,8.6,Teacher
83,91,64,84,0,4,3,0,8.6,HR
56,75,82,71,0,2,1,1,8.6,Teacher
66,79,81,75,0,1,1,1,8.6,Teacher
67,91,61,89,0,3,3,1,8.6,Software
83,77,69,80,1,6,4,1,8.6,Software
63,79,87,68,0,2,1,0,8.6,Teacher
60,68,85,72,1,2,0,0,8.6,Teacher
84,87,78,86,1,3,3,0,8.6,HR
66,69,82,68,1,2,0,1,8.6,Teacher
69,75,88,70,0,3,0,0,8.6,Teacher
83,81,67,87,1,6,1,1,8.6,Software
81,76,68,83,1,5,4,1,8.6,Software
78,87,61,87,1,4,3,1,8.6,HR
64,60,88,78,0,3,1,1,8.6,Teacher
91,82,72,86,1,7,3,1,8.6,Software
74,91,62,87,1,5,2,1,8.6,HR
80,71,74,75,1,6,2,1,8.6,Software
62,68,94,71,0,1,1,0,8.6,Software
74,91,78,82,1,6,2,0,8.6,HR
88,79,63,88,1,6,3,1,8.6,Software
83,88,71,85,1,5,1,0,8.6,HR
67,88,64,76,0,4,1,0,8.6,HR
78,93,76,79,0,5,3,0,8.6,HR
66,65,83,76,1,3,0,1,8.6,Teacher
88,71,63,85,1,7,1,1,8.6,Software
67,62,88,77,0,3,1,0,8.6,Teacher
83,73,71,88,1,5,3,1,8.6,Software
65,83,70,87,0,4,2,0,8.6,HR
55,78,84,74,1,3,0,1,8.6,Teacher
52,63,89,68,1,3,1,0,8.6,Teacher
87,73,71,87,1,4,3,1,8.6,Software
62,72,81,69,0,2,1,1,8.6,Teacher
77,92,65,81,1,4,2,0,8.6,HR
80,94,64,75,1,4,2,0,8.6,HR
94,84,66,79,1,5,4,1,8.6,Software
59,76,94,67,0,3,0,1,8.6,Teacher
91,80,66,81,1,5,3,1,8.6,Software
87,89,67,82,1,7,3,1,8.6,Software
76,80,62,88,0,3,1,0,8.6,HR
83,86,73,78,1,7,4,1,8.6,Software
93,84,59,75,1,4,1,1,8.6,Software
63,66,82,71,1,2,0,1,8.6,Teacher
86,87,55,83,1,6,2,1,8.6,Software
53,62,87,73,0,1,1,0,8.6,Teacher
85,82,71,80,1,4,4,1,8.6,Software
88,89,70,87,1,4,4,1,8.6,Software
84,76,55,82,1,6,1,1,8.6,Software
86,79,61,87,1,5,4,1,8.6,Teacher
84,84,55,75,1,4,3,1,8.6,Software
80,78,63,79,1,7,3,1,8.6,Software
55,60,93,78,0,3,1,0,8.6,Teacher
63,60,83,68,0,2,1,1,8.6,Teacher
53,76,89,76,0,1,1,0,8.6,Teacher
71,94,64,89,0,5,1,0,8.6,HR
50,71,86,68,0,2,0,0,8.6,Teacher
67,86,62,79,0,5,2,1,8.6,HR
88,86,67,89,1,7,3,1,8.6,Software
81,85,63,82,1,6,4,1,8.6,Software
68,87,75,81,0,5,3,0,8.6,HR
71,93,70,79,0,6,1,1,8.6,HR
52,60,84,76,0,3,1,0,8.6,HR
78,89,61,84,0,3,1,0,8.6,Software
80,76,71,81,1,5,2,1,8.6,Software
56,71,83,72,1,3,1,0,8.6,Teacher
83,89,76,89,0,6,3,0,8.6,HR
94,89,69,77,1,7,3,1,8.6,Software
80,76,57,88,1,4,3,1,8.6,Software
63,67,84,78,1,3,0,0,8.6,Teacher
54,78,84,69,1,3,1,1,8.6,Teacher
91,77,63,81,1,4,3,1,8.6,Software
65,82,70,84,0,4,2,0,8.6,HR
50,71,84,72,1,2,0,0,8.6,Teacher
69,74,87,65,0,2,1,1,8.6,Teacher
55,66,90,73,1,1,0,0,8.6,Teacher
87,74,65,87,1,6,1,1,8.6,Software
93,81,64,80,1,7,3,1,8.6,Software
54,65,86,69,0,1,1,0,8.6,Teacher
81,84,67,77,1,5,4,1,8.6,Software
79,91,75,83,1,3,3,0,8.6,HR
61,70,85,76,0,1,0,1,8.6,Teacher
67,82,77,87,0,3,3,0,8.6,HR
53,70,89,74,0,2,1,1,8.6,Teacher
58,75,90,75,0,2,1,0,8.6,Teacher
66,77,88,66,0,1,1,0,8.6,Teacher
55,69,81,72,0,2,1,1,8.6,Teacher
50,61,90,76,0,3,0,0,8.6,Teacher
87,75,72,89,1,4,3,1,8.6,Software
51,72,92,68,1,2,0,0,8.6,Teacher
93,88,64,83,1,5,3,1,8.6,Software
87,83,67,81,1,7,1,1,8.6,Software
67,66,94,66,1,1,1,1,8.6,Teacher
93,73,72,81,1,6,3,1,8.6,Software
83,81,76,88,1,6,1,1,8.6,HR
58,65,86,66,0,1,1,0,8.6,Teacher
59,72,80,66,0,1,0,1,8.6,Teacher
69,82,70,87,1,3,1,1,8.6,HR
86,80,59,87,1,5,4,1,8.6,Software
77,82,77,86,0,3,2,1,8.6,HR
83,71,62,88,1,5,4,1,8.6,Software
71,93,69,89,1,6,1,1,8.6,HR
76,84,76,84,0,6,2,0,8.6,Software
84,73,61,84,1,6,2,1,8.6,Software
65,71,92,68,0,1,1,0,8.6,Teacher
83,82,78,75,1,5,3,1,8.6,HR
79,82,68,84,0,3,3,0,8.6,HR
52,67,89,68,1,2,1,0,8.6,Teacher
87,73,67,86,1,6,1,1,8.6,Software
84,79,64,84,1,7,1,1,8.6,Software
84,79,69,88,1,4,2,1,8.6,Software
88,71,55,80,1,4,3,1,8.6,Software
67,78,83,71,1,1,0,1,8.6,Teacher
91,85,74,76,1,4,2,1,8.6,Software
92,74,56,81,1,5,1,1,8.6,Software
92,76,73,80,1,7,2,1,8.6,Software
65,92,75,79,1,5,3,1,8.6,HR
83,74,60,79,1,6,3,1,8.6,Software
69,87,66,81,0,3,2,1,8.6,HR
58,66,92,66,1,3,1,1,8.6,Teacher
58,61,93,68,0,1,0,0,8.6,Teacher
91,81,62,83,1,7,1,1,8.6,Teacher
55,67,92,76,0,1,1,0,8.6,Teacher
83,81,66,89,1,4,1,1,8.6,Software
59,71,81,74,1,1,1,0,8.6,Teacher
61,68,84,68,1,1,0,0,8.6,Teacher
74,84,64,84,1,3,3,0,8.6,HR
83,83,64,81,1,3,2,1,8.6,HR
60,72,86,69,1,2,1,1,8.6,Teacher
69,83,77,82,0,6,3,1,8.6,HR
68,91,79,79,0,6,3,0,8.6,HR
54,76,81,66,1,2,1,1,8.6,Teacher
83,71,56,79,1,6,2,1,8.6,Software
84,87,69,80,1,6,1,1,8.6,Software
94,82,55,80,1,4,1,1,8.6,Teacher
58,73,91,68,1,1,1,0,8.6,Teacher
64,78,83,77,0,1,0,0,8.6,Teacher
88,82,72,80,1,6,2,1,8.6,Software
75,93,70,76,1,6,2,0,8.6,HR
83,84,79,80,1,6,3,0,8.6,HR
67,68,87,70,0,2,0,0,8.6,Teacher
56,60,92,66,0,1,0,1,8.6,Teacher
84,81,68,88,1,6,1,1,8.6,Software
77,94,70,75,0,6,3,0,8.6,HR
71,92,62,85,1,4,3,1,8.6,HR
80,90,62,88,1,4,3,1,8.6,HR
84,84,68,80,1,4,3,0,8.6,HR
89,82,69,83,1,6,4,1,8.6,Software
66,73,90,66,1,2,0,1,8.6,Teacher
77,88,76,77,0,5,2,0,8.6,HR
65,62,83,65,0,3,1,0,8.6,Teacher
91,71,67,84,1,4,2,1,8.6,Software
81,86,61,88,1,6,3,1,8.6,Software
82,70,58,83,1,7,4,1,8.6,Software
90,86,73,76,1,6,4,1,8.6,Software
54,73,80,67,1,1,1,0,8.6,Teacher
91,75,60,81,1,4,4,1,8.6,Software
84,85,69,75,1,7,3,1,8.6,HR
61,75,89,74,1,1,0,1,8.6,Teacher
63,71,90,65,0,3,1,0,8.6,Teacher
72,85,69,79,0,5,2,1,8.6,HR
68,87,65,75,1,5,1,1,8.6,HR
81,85,60,83,1,5,2,1,8.6,Software
61,67,90,70,1,1,1,1,8.6,Teacher
82,89,72,84,1,4,1,1,8.6,Software
86,71,58,87,1,4,2,1,8.6,Software
53,61,92,72,1,2,1,0,8.6,Teacher
76,88,60,78,1,4,1,0,8.6,HR
85,89,55,84,1,7,4,1,8.6,Software
79,93,72,85,1,3,2,1,8.6,HR
51,71,89,69,1,2,1,0,8.6,Teacher
60,67,82,74,0,1,0,1,8.6,Teacher
84,80,73,79,1,4,4,1,8.6,Teacher
69,91,79,88,1,4,3,0,8.6,HR
87,74,61,89,1,7,3,1,8.6,Software
78,83,79,75,1,3,3,1,8.6,HR
93,86,56,89,1,6,4,1,8.6,Software
68,78,90,74,0,3,1,1,8.6,Teacher
81,89,60,82,1,4,4,1,8.6,Software
81,94,68,84,1,3,1,0,8.6,HR
82,84,74,85,1,5,2,1,8.6,Software
53,61,87,69,1,1,1,0,8.6,HR
76,91,78,87,0,4,1,1,8.6,HR
86,84,68,85,1,7,2,1,8.6,Software
69,83,73,87,1,6,1,1,8.6,HR
65,91,78,78,0,6,2,1,8.6,HR
82,70,68,86,1,6,3,1,8.6,Software
89,82,60,87,1,6,3,1,8.6,Software
85,70,59,88,1,5,2,1,8.6,Software
57,74,84,67,0,1,1,0,8.6,Teacher
92,86,70,76,1,6,1,1,8.6,Software
57,71,88,71,1,1,0,1,8.6,Teacher
69,92,69,77,0,3,3,0,8.6,HR
83,90,61,88,1,3,1,0,8.6,HR
83,89,73,84,1,6,1,1,8.6,Software
58,61,88,71,0,2,0,1,8.6,Teacher
88,75,71,81,1,6,3,1,8.6,Software
80,89,77,79,1,4,1,1,8.6,HR
65,81,62,78,0,3,3,1,8.6,HR
51,79,87,71,0,1,1,0,8.6,Teacher
60,77,86,77,0,3,0,0,8.6,Teacher
58,74,91,75,1,3,0,0,8.6,Teacher
53,71,91,78,1,2,0,1,8.6,Teacher
66,90,65,88,0,3,3,0,8.6,HR
70,85,77,82,0,6,1,0,8.6,HR
68,88,73,89,1,6,1,1,8.6,Teacher
80,78,66,80,1,4,1,1,8.6,Software
84,91,65,86,0,3,1,0,8.6,HR
52,63,85,76,0,2,1,0,8.6,HR
81,91,68,80,0,3,2,1,8.6,HR
75,86,75,84,0,5,3,0,8.6,HR
80,85,56,76,1,7,4,1,8.6,Software
51,63,93,65,0,1,1,0,8.6,Teacher
84,87,62,86,1,7,1,1,8.6,Software
80,75,73,82,1,5,4,1,8.6,Software
76,89,65,80,1,3,3,1,8.6,HR
54,74,85,68,1,1,0,0,8.6,Teacher
86,74,71,76,1,5,2,1,8.6,Software
92,75,68,78,1,5,3,1,8.6,Software
64,75,94,67,0,1,1,0,8.6,Teacher
81,86,58,84,1,5,4,1,8.6,Software
63,72,83,77,0,1,0,1,8.6,Teacher
69,84,76,79,1,3,2,0,8.6,HR
75,91,63,84,0,6,1,1,8.6,HR
81,91,79,81,1,4,2,1,8.6,HR
64,69,94,65,0,2,0,0,8.6,Teacher
86,76,60,80,1,4,4,1,8.6,Software
84,88,76,81,0,5,2,0,8.6,HR
55,62,85,65,1,2,1,0,8.6,Teacher
54,62,85,69,0,2,1,1,8.6,Teacher
61,72,91,65,0,2,1,1,8.6,Teacher
87,78,73,76,1,6,3,1,8.6,Software
84,94,71,87,1,6,2,1,8.6,HR
75,87,71,84,1,6,1,1,8.6,HR
82,93,77,85,0,3,1,1,8.6,HR
63,68,83,74,0,3,0,1,8.6,Teacher
87,86,59,78,1,4,4,1,8.6,Software
75,80,74,75,0,6,3,0,8.6,HR
86,73,62,87,1,4,1,1,8.6,Software
74,93,63,87,0,5,2,0,8.6,HR
94,88,64,76,1,4,4,1,8.6,Software
65,65,90,74,0,1,1,0,8.6,Teacher
94,84,59,76,1,7,1,1,8.6,Software
51,72,87,79,0,2,1,1,8.6,Teacher
64,61,81,77,1,1,1,1,8.6,Teacher
60,73,81,71,1,1,0,0,8.6,Teacher
57,69,90,66,1,1,0,1,8.6,Teacher
93,80,69,87,1,4,1,1,8.6,Software
58,75,80,68,0,2,0,0,8.6,Teacher
62,61,80,78,0,3,0,0,8.6,Software
88,87,57,89,1,7,3,1,8.6,Software
60,66,90,76,1,2,1,1,8.6,Teacher
84,94,74,80,0,4,3,0,8.6,HR
58,74,87,78,1,3,1,0,8.6,Teacher
69,67,90,79,0,3,1,0,8.6,Teacher
70,91,65,87,0,6,1,1,8.6,HR
86,84,56,87,1,7,4,1,8.6,Software
80,89,66,80,0,5,2,1,8.6,HR
51,76,88,65,0,2,0,1,8.6,Teacher
63,65,93,65,1,3,1,0,8.6,Teacher
66,70,83,67,1,2,1,0,8.6,Teacher
75,94,79,89,0,4,3,0,8.6,HR
67,76,88,78,0,1,0,1,8.6,Teacher
84,80,79,77,1,3,2,0,8.6,HR
62,76,80,66,0,3,0,0,8.6,Teacher
74,83,66,85,1,4,2,0,8.6,HR
81,83,77,86,1,3,2,1,8.6,HR
71,88,73,89,0,4,2,1,8.6,HR
50,74,81,77,0,3,1,0,8.6,Teacher
65,74,92,74,1,3,1,0,8.6,Teacher
82,82,69,76,1,6,4,1,8.6,Software
84,88,59,86,1,5,1,1,8.6,Software
78,88,69,87,0,3,2,1,8.6,HR
60,74,85,79,0,1,0,1,8.6,Teacher
84,86,59,78,1,5,3,1,8.6,Software
69,63,81,69,0,1,0,1,8.6,Teacher
81,87,77,82,0,6,2,0,8.6,HR
80,93,75,89,0,6,1,0,8.6,HR
54,78,93,68,1,3,1,1,8.6,Teacher
72,85,75,85,1,6,2,0,8.6,HR
80,75,69,88,1,5,4,1,8.6,Software
81,88,73,77,1,5,4,1,8.6,Software
57,77,84,68,0,1,0,1,8.6,Teacher
65,65,80,70,1,2,1,1,8.6,Teacher
90,71,70,75,1,5,3,1,8.6,Software
58,69,90,67,0,1,0,1,8.6,Teacher
67,89,78,82,0,3,1,1,8.6,Software
75,80,73,85,0,3,3,1,8.6,HR
75,93,65,83,0,6,2,1,8.6,HR
60,67,82,76,1,1,0,0,8.6,Teacher
68,75,87,76,0,3,0,1,8.6,Teacher
52,66,90,78,1,1,1,1,8.6,Teacher
66,86,79,76,0,4,2,0,8.6,HR
61,71,84,71,1,2,0,1,8.6,Teacher
69,75,93,67,0,2,1,0,8.6,Teacher
75,86,76,88,0,6,1,0,8.6,HR
70,93,71,85,0,5,2,0,8.6,Teacher
81,79,64,84,1,4,2,1,8.6,Software
68,77,86,75,0,1,0,0,8.6,Teacher
54,64,89,71,0,2,0,1,8.6,Software
54,65,85,67,1,1,1,0,8.6,Software
94,88,61,83,1,5,2,1,8.6,Software
51,79,83,75,0,3,0,0,8.6,Teacher
93,83,74,82,1,4,1,1,8.6,Software
72,92,76,80,1,3,3,0,8.6,HR
72,93,67,88,0,5,3,1,8.6,HR
65,92,64,76,0,4,3,0,8.6,HR
80,78,56,83,1,4,4,1,8.6,Software
83,82,56,87,1,4,2,1,8.6,Software
55,61,82,68,1,2,0,1,8.6,Teacher
93,78,72,77,1,7,3,1,8.6,Software
87,72,59,79,1,6,2,1,8.6,Software
80,75,55,86,1,7,2,1,8.6,Software
67,62,82,69,0,1,1,1,8.6,Teacher
73,80,74,82,1,5,1,1,8.6,HR
89,78,74,83,1,7,4,1,8.6,Software
62,71,87,70,0,1,0,1,8.6,Teacher
81,86,73,86,1,3,2,1,8.6,HR
83,81,63,84,1,5,3,0,8.6,HR
84,83,71,86,1,7,4,1,8.6,Software
91,73,56,78,1,6,2,1,8.6,Software
93,79,71,85,1,6,4,1,8.6,Software
66,67,89,66,1,3,1,1,8.6,Teacher
56,73,93,72,1,3,1,0,8.6,Teacher
71,89,62,88,1,5,3,0,8.6,HR
92,72,69,83,1,4,3,1,8.6,Software
90,79,73,87,1,7,2,1,8.6,Software
51,68,82,70,0,3,1,0,8.6,Teacher
75,87,66,76,0,6,1,1,8.6,HR
81,93,69,85,1,4,1,0,8.6,HR
90,75,74,76,1,5,1,1,8.6,Software
71,92,78,80,1,4,1,0,8.6,HR
53,75,84,70,1,2,1,0,8.6,Software
51,71,94,79,0,1,1,1,8.6,Teacher
83,74,63,85,1,6,1,1,8.6,Software
93,85,67,85,1,4,3,1,8.6,Software
67,77,89,73,1,1,0,0,8.6,Teacher
72,81,67,89,1,6,3,0,8.6,HR
63,64,89,69,1,1,0,0,8.6,Teacher
84,87,68,88,1,4,3,1,8.6,Software
81,79,60,86,1,7,3,1,8.6,Software
68,84,60,75,0,6,3,0,8.6,HR
66,93,72,76,1,5,1,0,8.6,HR
56,70,92,79,1,3,1,0,8.6,Teacher
83,86,69,89,1,6,1,1,8.6,HR
71,91,65,83,1,5,1,1,8.6,HR
68,76,82,78,1,2,0,0,8.6,Teacher
84,71,62,79,1,6,2,1,8.6,Software
86,76,55,75,1,4,3,1,8.6,Software
58,63,94,66,1,3,1,0,8.6,Teacher
69,93,61,89,0,5,1,1,8.6,HR
83,93,77,87,1,5,3,0,8.6,HR
92,76,69,85,1,5,3,1,8.6,Software
81,90,63,87,1,5,1,1,8.6,HR
80,86,56,82,1,4,1,1,8.6,Software
54,68,85,71,1,3,1,0,8.6,Teacher
93,83,61,80,1,4,4,1,8.6,Software
75,90,72,76,0,6,2,0,8.6,HR
91,84,66,80,1,7,1,1,8.6,Software
93,78,56,85,1,4,2,1,8.6,Software
58,72,90,74,1,1,0,1,8.6,Teacher
90,84,57,77,1,4,4,1,8.6,Software
74,85,71,80,0,5,2,1,8.6,HR
91,89,59,76,1,5,1,1,8.6,Teacher
57,66,89,72,1,1,1,1,8.6,Teacher
92,85,73,83,1,4,2,1,8.6,Software
51,72,92,70,0,2,1,0,8.6,Teacher
57,66,84,66,1,3,1,1,8.6,Teacher
89,82,62,89,1,7,1,1,8.6,Software
83,91,77,80,1,5,2,0,8.6,HR
88,79,73,75,1,7,2,1,8.6,Software
89,84,65,81,1,5,3,1,8.6,Software
54,70,87,79,0,2,1,0,8.6,Teacher
61,72,87,75,0,3,0,1,8.6,Teacher
75,88,61,84,1,5,2,1,8.6,HR
69,69,84,75,0,1,1,1,8.6,Teacher
51,76,93,72,0,3,1,0,8.6,Teacher
52,74,92,67,0,3,1,1,8.6,Teacher
56,69,88,78,1,2,0,0,8.6,Teacher
82,84,77,86,1,5,3,0,8.6,HR
73,80,68,80,1,6,1,0,8.6,HR
79,94,63,81,0,4,2,0,8.6,HR
88,78,71,81,1,4,2,1,8.6,Software
62,75,81,71,1,3,0,1,8.6,Teacher
61,74,90,74,1,3,1,0,8.6,Software
91,87,57,81,1,6,2,1,8.6,HR
82,77,73,76,1,6,3,1,8.6,Software
89,87,63,86,1,5,4,1,8.6,Software
88,77,61,79,1,5,4,1,8.6,Software
52,64,88,71,0,1,0,0,8.6,Teacher
65,62,80,69,1,2,1,1,8.6,Teacher
94,79,71,89,1,7,1,1,8.6,Software
73,87,69,77,1,5,1,0,8.6,HR
90,71,59,87,1,4,3,1,8.6,Software
69,90,63,82,1,6,1,1,8.6,HR
63,64,80,78,1,2,1,1,8.6,Teacher
52,76,84,70,0,1,1,1,8.6,Teacher
76,80,71,75,1,5,3,0,8.6,HR
66,73,94,71,1,1,1,0,8.6,Teacher
86,75,66,89,1,6,2,1,8.6,Software
58,63,81,69,1,2,0,0,8.6,Teacher
50,65,85,73,1,2,1,1,8.6,Teacher
81,78,62,86,1,5,1,1,8.6,Software
79,89,73,81,1,4,1,1,8.6,HR
81,87,71,82,1,5,3,1,8.6,HR
81,94,64,81,1,3,2,0,8.6,HR
66,62,80,66,1,2,0,0,8.6,Teacher
77,92,76,81,1,3,2,0,8.6,HR
70,91,63,86,0,5,3,1,8.6,HR
59,69,82,73,1,2,1,0,8.6,Teacher
54,60,90,75,1,3,1,0,8.6,Teacher
90,79,73,79,1,4,3,1,8.6,Software
68,80,65,82,0,3,3,1,8.6,HR
52,77,83,67,0,3,0,0,8.6,Teacher
81,70,63,87,1,4,3,1,8.6,Software
90,70,62,88,1,4,1,1,8.6,Software
80,70,63,87,1,5,1,1,8.6,Software
63,79,80,66,1,1,1,0,8.6,Teacher
79,93,74,88,0,3,3,1,8.6,HR
80,80,57,77,1,5,4,1,8.6,Software
94,76,58,78,1,5,1,1,8.6,Software
65,71,93,79,0,3,1,1,8.6,Teacher
53,77,81,72,1,3,0,0,8.6,Teacher
76,83,79,89,0,3,2,1,8.6,HR
89,86,65,81,1,4,4,1,8.6,Software
59,70,80,69,0,2,0,0,8.6,HR
81,87,61,89,1,3,2,1,8.6,HR
62,63,83,70,1,3,0,0,8.6,Teacher
78,90,72,86,1,6,2,0,8.6,HR
94,87,61,81,1,7,1,1,8.6,Software
68,79,83,70,1,1,0,1,8.6,Teacher
69,92,78,77,1,6,2,0,8.6,HR
63,70,94,76,0,2,1,1,8.6,Teacher
75,84,79,89,1,3,1,1,8.6,HR
78,88,64,88,0,5,3,0,8.6,HR
76,82,79,84,1,6,1,1,8.6,Software
74,89,69,85,0,5,1,1,8.6,Teacher
83,84,58,84,1,6,3,1,8.6,Software
85,72,74,76,1,6,2,1,8.6,Software
81,74,70,88,1,5,3,1,8.6,Software
69,86,68,79,1,3,2,1,8.6,HR
82,87,59,86,1,5,4,1,8.6,Software
92,87,71,85,1,5,2,1,8.6,Software
84,91,70,77,1,3,3,0,8.6,HR
86,88,62,84,1,4,1,1,8.6,Software
65,93,77,83,0,4,1,0,8.6,HR
55,62,81,79,1,2,1,0,8.6,Teacher
70,81,62,89,1,5,1,0,8.6,HR
88,84,56,78,1,7,1,1,8.6,Software
93,73,62,85,1,7,4,1,8.6,Software
74,92,69,79,1,4,1,0,8.6,HR
75,91,60,89,1,3,2,0,8.6,HR
81,78,71,85,1,7,2,1,8.6,Software
69,79,87,75,0,1,1,1,8.6,Teacher
56,60,90,68,0,2,0,0,8.6,Teacher
52,68,84,76,1,2,0,0,8.6,Teacher
68,86,66,78,1,3,3,0,8.6,HR
82,89,61,76,1,7,3,1,8.6,Teacher
82,91,69,85,0,3,2,0,8.6,HR
64,63,89,76,0,3,0,0,8.6,Teacher
81,79,70,83,1,7,3,1,8.6,Software
89,78,62,77,1,6,3,1,8.6,Software
54,69,89,67,1,2,1,1,8.6,Teacher
59,66,82,67,1,1,1,1,8.6,Teacher
93,70,64,89,1,6,3,1,8.6,Software
91,87,56,81,1,4,3,1,8.6,Software
83,71,59,84,1,4,4,1,8.6,HR
80,86,68,89,0,4,3,0,8.6,HR
51,72,93,75,0,3,0,0,8.6,Teacher
66,92,63,82,0,3,3,1,8.6,HR
92,82,62,75,1,5,3,1,8.6,Software
60,76,86,79,1,2,1,0,8.6,Teacher
89,84,69,83,1,6,1,1,8.6,Software
66,74,84,76,1,3,1,0,8.6,Teacher
84,91,76,89,1,4,2,1,8.6,HR
80,70,67,77,1,4,4,1,8.6,Software
91,75,58,89,1,4,1,1,8.6,Software
61,61,90,78,1,3,0,1,8.6,Teacher
59,60,86,66,0,3,0,0,8.6,Teacher
73,84,65,80,1,4,3,0,8.6,HR
71,92,63,87,1,6,2,0,8.6,HR
90,76,68,84,1,5,2,1,8.6,Software
71,85,75,81,1,6,1,1,8.6,HR
68,81,63,78,0,3,1,0,8.6,HR
85,71,62,85,1,7,1,1,8.6,Software
81,81,65,88,1,6,2,1,8.6,Software
73,91,73,89,1,6,1,1,8.6,HR
54,74,92,66,0,2,1,1,8.6,Teacher
54,71,80,68,1,3,1,0,8.6,Teacher
73,81,71,78,1,6,1,0,8.6,HR
77,82,77,80,1,3,1,0,8.6,HR
62,79,90,72,0,1,0,1,8.6,Teacher
86,85,61,88,1,7,4,1,8.6,Software
57,61,89,77,1,1,0,1,8.6,Teacher
82,80,66,77,1,5,3,1,8.6,Software
75,92,79,83,1,3,1,0,8.6,HR
67,92,74,85,0,5,3,1,8.6,HR
50,78,90,69,0,2,0,1,8.6,Teacher
74,86,60,85,0,5,3,1,8.6,HR
84,72,63,87,1,4,2,1,8.6,Teacher
84,77,62,79,1,4,3,1,8.6,HR
74,87,67,76,1,5,3,0,8.6,HR
68,86,63,88,0,4,3,1,8.6,HR
64,67,88,73,0,2,0,0,8.6,Teacher
93,88,64,81,1,5,2,1,8.6,Software
51,62,86,74,0,3,0,1,8.6,Teacher
70,89,62,86,0,3,2,1,8.6,HR
80,71,64,76,1,7,1,1,8.6,Software
77,89,75,86,0,6,3,0,8.6,HR
54,79,83,72,1,1,0,0,8.6,Teacher
91,85,68,89,1,7,3,1,8.6,Software
62,76,80,78,0,2,0,1,8.6,Teacher
86,74,70,84,1,5,4,1,8.6,Software
82,94,63,89,1,4,3,1,8.6,HR
66,88,78,83,1,5,3,0,8.6,HR
93,76,64,78,1,5,1,1,8.6,Software
54,67,87,69,1,3,1,0,8.6,Teacher
68,83,76,81,1,6,1,1,8.6,HR
56,70,91,66,1,1,1,1,8.6,Teacher
80,81,74,78,1,4,2,1,8.6,Software
79,85,72,82,1,4,1,1,8.6,HR
68,86,69,84,0,6,1,1,8.6,HR
55,67,82,78,0,2,1,1,8.6,Teacher
60,66,81,67,1,2,0,0,8.6,Teacher
88,88,69,79,1,4,2,1,8.6,HR
70,80,69,82,0,5,1,0,8.6,HR
73,93,63,75,1,6,2,1,8.6,HR
63,60,89,73,0,3,0,0,8.6,Teacher
65,64,89,67,1,2,1,0,8.6,Teacher
64,72,87,75,0,2,1,1,8.6,Teacher
91,72,66,84,1,5,2,1,8.6,Software
52,65,94,72,1,3,1,0,8.6,Teacher
73,90,68,85,1,4,3,0,8.6,HR
82,82,68,84,1,6,2,1,8.6,Software
84,78,63,76,1,5,3,1,8.6,Software
59,62,89,78,0,2,0,0,8.6,Teacher
90,84,67,78,1,7,2,1,8.6,Software
59,62,80,76,0,3,0,0,8.6,Teacher
90,89,66,89,1,7,4,1,8.6,Software
63,75,82,73,0,1,1,1,8.6,Teacher
76,88,72,75,0,6,2,0,8.6,Teacher
52,66,92,70,0,3,0,1,8.6,Software
65,79,92,76,1,2,0,1,8.6,Teacher
94,85,69,89,1,4,3,1,8.6,Software
66,74,91,78,1,3,1,0,8.6,Teacher
58,69,90,70,0,2,0,1,8.6,Teacher
65,75,85,79,0,1,0,0,8.6,Teacher
55,65,84,72,0,2,0,0,8.6,Teacher
82,94,76,75,0,5,2,0,8.6,HR
53,60,86,68,0,1,1,0,8.6,Teacher
84,74,62,80,1,5,2,1,8.6,Software
69,80,73,86,0,3,2,0,8.6,HR
66,94,70,78,1,5,3,0,8.6,HR
61,60,91,75,0,2,1,0,8.6,Teacher
67,88,74,78,0,6,3,0,8.6,HR
71,89,72,80,1,5,1,1,8.6,HR
66,67,83,70,1,2,0,1,8.6,Teacher
84,88,61,83,1,3,1,1,8.6,HR
91,75,66,84,1,5,2,1,8.6,Software
84,82,62,89,1,4,3,1,8.6,Software
90,87,58,75,1,5,1,1,8.6,Software
83,82,71,83,0,3,1,1,8.6,HR
86,83,64,88,1,4,4,1,8.6,Software
93,72,55,84,1,6,1,1,8.6,Software
80,73,59,81,1,6,3,1,8.6,Software
83,71,63,84,1,7,3,1,8.6,Software
66,79,84,68,1,2,1,1,8.6,Teacher
71,87,67,88,1,4,2,1,8.6,HR
88,77,68,89,1,4,2,1,8.6,Software
57,61,90,65,1,3,0,0,8.6,Teacher
85,79,67,80,1,7,1,1,8.6,Software
59,66,83,71,0,1,0,1,8.6,Teacher
68,89,67,80,0,5,3,1,8.6,HR
80,78,64,81,1,7,3,1,8.6,Software
90,84,65,81,1,6,3,1,8.6,Software
56,68,86,78,1,1,1,1,8.6,Software
55,60,93,76,1,1,1,0,8.6,Teacher
65,87,71,82,1,3,3,0,8.6,HR
53,65,93,79,0,2,1,1,8.6,Teacher
85,84,59,85,1,4,2,1,8.6,Software
82,85,64,87,1,5,2,1,8.6,HR
91,82,70,77,1,5,4,1,8.6,Software
80,86,61,86,0,6,1,1,8.6,HR
91,87,73,82,1,6,4,1,8.6,Software
66,94,74,88,0,3,2,1,8.6,HR
91,82,63,80,1,6,3,1,8.6,Software
93,80,64,89,1,6,2,1,8.6,Software
65,93,60,80,0,5,2,0,8.6,HR
91,70,71,82,1,6,2,1,8.6,Software
78,88,68,83,1,5,2,0,8.6,HR
67,83,62,87,0,6,3,0,8.6,HR
90,72,56,75,1,7,3,1,8.6,Software
61,68,84,74,1,1,1,1,8.6,Teacher
51,68,92,73,1,2,1,1,8.6,Software
84,92,63,89,1,4,2,0,8.6,HR
84,86,75,88,1,5,3,1,8.6,HR
60,65,83,77,1,3,1,1,8.6,Teacher
51,62,80,73,1,2,0,1,8.6,Teacher
80,77,66,89,1,5,3,1,8.6,Software
59,68,82,71,0,2,1,0,8.6,Teacher
59,74,87,66,0,3,1,1,8.6,Teacher
70,89,69,87,0,3,1,1,8.6,HR
82,85,69,84,1,6,1,1,8.6,Software
73,87,70,88,1,6,1,0,8.6,Teacher
74,87,70,75,1,3,2,1,8.6,HR
81,89,64,77,0,4,3,1,8.6,HR
54,64,82,75,1,2,1,1,8.6,Teacher
51,71,91,72,1,2,1,1,8.6,HR
50,67,92,70,0,3,1,0,8.6,Teacher
89,86,56,75,1,7,2,1,8.6,Software
72,90,60,75,1,6,1,0,8.6,HR
84,72,70,84,1,6,3,1,8.6,Software
66,80,69,81,0,4,3,1,8.6,HR
61,75,86,72,1,1,1,0,8.6,Teacher
71,94,63,75,0,6,1,0,8.6,HR
80,86,78,77,1,6,1,0,8.6,HR
65,68,85,74,1,1,1,1,8.6,Teacher
70,94,65,82,1,3,2,0,8.6,HR
69,72,83,79,1,1,1,1,8.6,Teacher
75,89,67,89,0,3,2,1,8.6,HR
91,86,62,85,1,4,3,1,8.6,Software
61,72,88,75,0,1,1,1,8.6,Teacher
81,85,75,82,1,5,1,0,8.6,HR
79,88,75,89,1,5,3,1,8.6,HR
75,83,78,84,1,5,1,1,8.6,HR
89,75,68,81,1,6,3,1,8.6,Software
91,82,73,86,1,7,4,1,8.6,Software
81,90,60,81,1,4,1,1,8.6,HR
76,80,67,77,0,5,2,1,8.6,HR
84,85,76,84,1,3,3,1,8.6,HR
74,86,65,77,1,5,2,0,8.6,HR
89,73,62,87,1,5,2,1,8.6,Software
63,60,94,70,0,1,1,0,8.6,Teacher
75,84,73,77,1,5,3,0,8.6,HR
94,86,69,83,1,5,3,1,8.6,Software
80,83,64,85,1,5,1,1,8.6,HR
66,66,84,68,1,3,1,1,8.6,Teacher
93,73,69,77,1,5,1,1,8.6,Software
75,82,68,87,1,6,3,1,8.6,HR
64,60,88,65,0,3,0,1,8.6,Teacher
68,75,91,75,1,3,0,0,8.6,Teacher
71,89,74,82,1,5,2,0,8.6,Teacher
92,88,56,79,1,4,4,1,8.6,Software
81,83,78,80,0,3,3,0,8.6,HR
66,76,81,78,1,2,0,0,8.6,Teacher
82,80,60,89,1,5,4,1,8.6,Software
57,66,88,67,0,2,1,0,8.6,Teacher
52,65,84,78,0,3,1,0,8.6,Teacher
76,86,60,83,0,3,3,0,8.6,HR
69,63,83,70,0,3,0,0,8.6,Teacher
86,78,55,83,1,4,1,1,8.6,Software
58,79,94,75,1,2,0,0,8.6,Teacher
82,84,66,78,1,5,3,1,8.6,Software
64,65,83,79,1,1,0,0,8.6,Teacher
59,78,90,77,0,2,0,1,8.6,Teacher
56,74,80,78,1,1,1,1,8.6,Teacher
79,92,66,85,1,6,3,0,8.6,HR
52,73,92,74,1,3,1,1,8.6,Teacher
84,89,63,86,0,4,3,1,8.6,HR
84,87,73,78,1,4,2,1,8.6,Software
61,65,89,75,1,3,1,1,8.6,Teacher
92,86,69,76,1,5,1,1,8.6,Software
76,86,66,85,1,4,3,0,8.6,HR
73,80,79,75,1,5,2,1,8.6,HR
77,89,67,89,1,5,2,1,8.6,HR
61,77,92,69,1,2,0,0,8.6,Teacher
67,65,94,77,0,1,1,1,8.6,Teacher
51,62,88,67,0,1,1,0,8.6,Teacher
63,77,86,78,0,2,1,1,8.6,Teacher
59,69,83,73,1,1,0,1,8.6,Teacher
82,88,61,76,1,3,1,1,8.6,HR
84,79,66,88,1,4,2,1,8.6,Software
67,74,88,65,1,3,0,0,8.6,Teacher
93,83,68,80,1,6,1,1,8.6,Software
63,62,80,69,1,2,0,1,8.6,Teacher
82,80,65,88,1,6,3,1,8.6,Software
60,61,81,72,1,1,0,0,8.6,Teacher
84,82,79,80,0,4,2,1,8.6,HR
59,70,86,66,0,2,0,0,8.6,Teacher
75,80,64,79,0,6,2,1,8.6,HR
58,72,85,68,0,3,0,1,8.6,Teacher
75,91,77,78,0,3,1,1,8.6,HR
76,80,60,80,0,4,2,1,8.6,HR
80,80,64,77,1,5,2,1,8.6,Software
51,66,87,69,0,3,1,0,8.6,Teacher
87,72,72,81,1,5,4,1,8.6,Software
91,79,63,79,1,6,2,1,8.6,Software
68,73,83,74,0,2,0,1,8.6,Teacher
83,81,67,81,1,3,3,1,8.6,HR
79,93,78,89,0,6,1,0,8.6,HR
72,90,64,83,0,5,3,0,8.6,HR
84,91,62,75,0,3,1,1,8.6,HR
70,83,68,75,0,6,2,1,8.6,HR
93,73,74,78,1,6,4,1,8.6,Software
81,87,63,84,1,4,2,0,8.6,HR
75,82,78,82,1,3,1,0,8.6,HR
87,86,56,89,1,5,1,1,8.6,Software
82,82,66,75,1,6,1,1,8.6,Software
90,74,63,77,1,4,3,1,8.6,Software
61,62,84,78,0,3,1,0,8.6,Teacher
77,89,78,75,0,6,3,0,8.6,Software
89,87,55,88,1,6,4,1,8.6,Software
85,74,56,83,1,5,1,1,8.6,Software
55,69,90,77,0,2,1,0,8.6,Teacher
83,87,72,76,1,7,2,1,8.6,Software
88,82,56,81,1,7,3,1,8.6,Software
60,75,91,70,1,3,1,0,8.6,Teacher
66,67,88,74,0,1,0,1,8.6,Teacher
85,80,55,83,1,5,4,1,8.6,Software
91,89,60,75,1,6,3,1,8.6,Software
78,80,62,89,1,6,2,0,8.6,HR
87,77,65,85,1,5,2,1,8.6,Software
53,62,88,78,0,2,1,1,8.6,Teacher
68,82,61,81,0,6,3,1,8.6,HR
68,86,62,84,1,5,2,0,8.6,HR
82,83,74,88,1,7,4,1,8.6,Teacher
79,92,78,83,1,3,3,1,8.6,HR
93,84,73,86,1,4,1,1,8.6,Software
93,82,56,76,1,7,1,1,8.6,Software
88,73,69,89,1,6,3,1,8.6,Software
69,68,80,74,0,3,0,0,8.6,Teacher
59,63,80,78,1,2,0,1,8.6,Teacher
80,79,71,75,1,5,2,1,8.6,Software
82,78,74,89,1,4,3,1,8.6,Software
79,91,75,78,0,3,1,0,8.6,Software
81,89,65,79,1,6,2,1,8.6,Software
80,85,64,79,0,6,3,1,8.6,HR
70,84,69,82,0,5,2,0,8.6,HR
84,84,66,75,1,4,3,1,8.6,HR
68,63,80,73,0,2,1,0,8.6,Teacher
89,77,65,85,1,5,4,1,8.6,Software
63,72,92,68,0,3,1,1,8.6,Teacher
60,67,90,67,0,2,0,1,8.6,Teacher
69,94,73,77,0,3,2,0,8.6,HR
92,83,56,79,1,5,1,1,8.6,Software
82,85,78,85,1,6,2,0,8.6,HR
66,86,79,82,1,6,2,1,8.6,HR
62,69,89,76,1,2,1,1,8.6,Teacher
85,71,60,77,1,7,2,1,8.6,Software
94,89,56,79,1,5,3,1,8.6,Software
57,66,90,73,1,2,0,0,8.6,Teacher
65,60,83,70,1,1,1,1,8.6,Teacher
68,77,84,71,0,3,1,0,8.6,Teacher
93,81,70,80,1,7,2,1,8.6,Software
55,66,81,74,1,2,0,0,8.6,Teacher
56,65,86,71,0,2,1,0,8.6,Teacher
72,87,75,86,0,4,2,1,8.6,HR
93,85,74,87,1,4,3,1,8.6,Software
78,89,75,80,0,6,2,1,8.6,HR
92,78,60,77,1,4,3,1,8.6,Software
74,84,73,84,0,3,1,1,8.6,HR
78,85,65,75,0,5,1,0,8.6,Software
70,81,66,76,0,5,1,0,8.6,HR
77,89,73,83,0,5,1,1,8.6,HR
85,73,59,81,1,5,1,1,8.6,Software
60,60,89,75,0,2,0,0,8.6,Teacher
69,69,92,67,0,3,1,1,8.6,Teacher
69,86,71,86,0,4,1,1,8.6,HR
81,92,65,82,1,4,3,0,8.6,HR
55,73,93,73,0,1,1,1,8.6,Teacher
64,75,90,72,1,3,0,0,8.6,Teacher
69,66,87,66,0,3,1,0,8.6,Teacher
72,83,78,81,1,4,1,0,8.6,HR
71,89,62,81,1,4,3,0,8.6,HR
50,62,84,73,1,1,1,0,8.6,Teacher
66,85,72,86,1,5,3,0,8.6,HR
59,67,81,71,1,3,1,0,8.6,Teacher
80,74,63,78,1,4,4,1,8.6,HR
57,67,87,78,1,1,1,1,8.6,Teacher
66,70,88,75,1,1,0,1,8.6,Teacher
56,77,89,73,1,2,1,1,8.6,Teacher
51,66,80,74,0,3,0,0,8.6,HR
64,61,87,67,0,1,1,0,8.6,Teacher
52,69,86,75,1,2,0,0,8.6,Teacher
50,72,94,74,1,3,1,0,8.6,HR
82,81,65,76,0,6,3,0,8.6,HR
84,81,62,89,1,6,2,1,8.6,HR
82,92,63,89,0,5,3,0,8.6,HR
65,72,84,72,1,1,0,1,8.6,Teacher
82,88,56,75,1,4,2,1,8.6,Software
70,84,63,86,1,6,2,0,8.6,HR
67,79,86,67,1,3,1,0,8.6,Teacher
82,74,70,77,1,6,1,1,8.6,Software
81,84,72,81,1,6,2,1,8.6,HR
64,63,94,78,1,3,0,1,8.6,Teacher
80,82,79,88,0,3,3,1,8.6,HR
64,73,82,75,0,3,0,1,8.6,Teacher
82,82,77,84,0,6,1,0,8.6,HR
77,92,68,78,1,3,1,1,8.6,HR
92,70,72,85,1,4,2,1,8.6,Software
91,78,62,76,1,5,2,1,8.6,Software
67,87,67,78,1,5,2,0,8.6,HR
59,69,92,76,0,3,1,0,8.6,Teacher
86,75,63,78,1,7,1,1,8.6,Teacher
82,88,69,83,0,3,2,0,8.6,Teacher
67,82,67,87,0,4,1,1,8.6,HR
64,75,92,73,1,1,1,0,8.6,Teacher
89,72,73,89,1,4,4,1,8.6,HR
63,73,80,70,1,3,1,1,8.6,Teacher
66,94,60,80,1,5,1,0,8.6,HR
65,85,60,89,1,4,3,0,8.6,HR
78,89,75,81,0,4,3,1,8.6,HR
90,71,70,75,1,4,2,1,8.6,Software
68,81,63,79,0,4,2,1,8.6,HR
80,83,65,83,1,6,2,0,8.6,HR
81,79,67,75,1,5,2,1,8.6,Software
87,70,59,89,1,5,2,1,8.6,Software
67,84,72,87,0,6,1,0,8.6,HR
82,93,77,76,1,5,1,0,8.6,HR
86,85,59,86,1,7,1,1,8.6,Software
62,77,87,69,0,1,0,0,8.6,Teacher
58,79,80,70,0,1,1,1,8.6,Teacher
82,70,71,77,1,5,3,1,8.6,Software
80,79,57,87,1,5,3,1,8.6,Software
83,83,69,88,1,7,1,1,8.6,Software
82,78,69,80,1,7,4,1,8.6,Software
65,84,61,76,0,3,1,1,8.6,HR
54,70,80,76,0,1,1,0,8.6,Teacher
83,89,73,76,1,4,1,0,8.6,HR
76,84,61,79,0,6,3,0,8.6,HR
67,87,79,85,0,4,2,0,8.6,HR
70,82,61,76,1,6,1,0,8.6,HR
74,90,77,76,1,4,3,0,8.6,HR
92,82,67,76,1,4,4,1,8.6,Software
66,90,68,82,0,5,1,0,8.6,HR
82,74,62,82,1,7,4,1,8.6,HR
86,70,68,77,1,7,2,1,8.6,Software
71,81,61,78,0,3,1,0,8.6,HR
65,86,65,80,0,5,2,0,8.6,HR
54,75,83,76,1,1,0,1,8.6,Teacher
50,68,83,70,1,3,0,1,8.6,Teacher
82,89,65,85,1,5,1,1,8.6,Software
80,80,64,89,1,5,2,0,8.6,HR
73,89,78,82,1,4,1,0,8.6,HR
84,87,65,88,1,5,4,1,8.6,Software
80,83,64,76,1,6,3,1,8.6,Software
76,91,66,75,0,5,1,1,8.6,HR
70,82,66,80,0,6,2,1,8.6,HR
75,90,66,86,1,3,3,1,8.6,HR
93,77,68,85,1,6,4,1,8.6,Software
60,76,80,74,0,1,0,1,8.6,Teacher
78,88,61,89,1,6,3,1,8.6,HR
82,84,60,78,1,5,2,1,8.6,Software
65,85,66,89,1,3,1,0,8.6,HR
76,91,61,79,0,3,2,0,8.6,HR
89,84,70,80,1,7,4,1,8.6,Software
86,81,55,75,1,6,4,1,8.6,Software
63,77,92,76,0,1,0,0,8.6,Teacher
56,64,91,73,0,3,1,1,8.6,Teacher
90,84,72,87,1,4,1,1,8.6,Software
50,63,92,78,1,3,0,1,8.6,Teacher
67,71,91,65,1,1,1,1,8.6,Teacher
85,80,57,80,1,6,1,1,8.6,Software
57,62,89,73,1,1,0,1,8.6,HR
91,85,72,87,1,5,3,1,8.6,Software
58,79,85,66,1,3,1,1,8.6,Teacher
83,72,63,80,1,6,4,1,8.6,Software
80,70,69,75,1,6,2,1,8.6,Teacher
68,83,66,78,1,3,1,0,8.6,HR
76,94,69,84,0,5,1,1,8.6,HR
70,83,68,83,0,5,1,0,8.6,HR
94,74,65,80,1,5,4,1,8.6,Software
81,78,56,83,1,7,4,1,8.6,Software
82,81,64,78,0,4,3,0,8.6,HR
57,71,88,70,1,2,1,0,8.6,Teacher
90,75,69,88,1,5,4,1,8.6,Software
86,83,62,78,1,6,4,1,8.6,Software
90,85,71,79,1,7,3,1,8.6,Software
75,92,68,78,1,5,3,0,8.6,HR
60,61,84,78,0,3,1,1,8.6,Teacher
61,78,87,65,0,3,1,1,8.6,Teacher
81,76,64,84,1,5,1,1,8.6,Software
92,80,58,88,1,5,2,1,8.6,Software
92,75,55,80,1,4,1,1,8.6,Software
74,92,68,84,1,4,3,0,8.6,HR
69,63,92,79,1,3,1,1,8.6,Teacher
76,85,65,78,0,5,3,0,8.6,HR
91,87,63,75,1,4,4,1,8.6,Software
56,70,91,68,1,2,1,0,8.6,Teacher
56,67,86,78,1,2,1,0,8.6,Teacher
86,73,72,79,1,7,2,1,8.6,Software
81,85,78,88,1,6,1,0,8.6,HR
73,89,61,80,0,5,3,0,8.6,HR
57,61,87,65,0,3,0,0,8.6,Teacher
94,84,64,83,1,6,2,1,8.6,Teacher
61,62,92,79,1,1,0,0,8.6,Teacher
82,73,68,78,1,7,2,1,8.6,Software
89,73,62,75,1,6,3,1,8.6,Software
68,72,81,78,1,3,0,1,8.6,Teacher
87,76,56,86,1,7,1,1,8.6,Software
85,80,55,84,1,4,4,1,8.6,Software
68,80,65,88,0,6,2,0,8.6,HR
84,86,69,84,1,6,3,1,8.6,Software
92,82,56,88,1,6,2,1,8.6,Software
89,85,58,85,1,5,2,1,8.6,Software
54,62,83,65,1,1,1,1,8.6,Teacher
76,90,76,78,0,5,3,1,8.6,HR
78,93,79,87,0,6,3,0,8.6,HR
90,72,57,81,1,5,1,1,8.6,Software
70,81,67,75,0,6,3,1,8.6,HR
83,89,62,82,1,4,3,0,8.6,HR
91,87,62,85,1,6,1,1,8.6,Software
71,80,69,87,1,6,1,0,8.6,HR
92,81,63,78,1,6,4,1,8.6,Software
81,80,55,79,1,4,4,1,8.6,Software
78,91,69,78,0,4,3,0,8.6,HR
90,88,69,85,1,6,1,1,8.6,Software
69,65,86,69,0,3,0,0,8.6,Teacher
77,90,77,81,0,3,1,0,8.6,HR
60,76,81,78,0,3,1,0,8.6,Teacher
56,78,93,79,1,1,0,0,8.6,Teacher
82,94,79,81,0,3,3,0,8.6,HR
92,80,66,77,1,6,1,1,8.6,Software
81,87,78,81,1,5,2,0,8.6,HR
92,73,59,84,1,5,3,1,8.6,Software
58,62,83,73,1,3,0,1,8.6,Teacher
79,94,67,81,0,5,3,1,8.6,HR
77,92,64,86,1,3,3,0,8.6,HR
76,90,75,88,1,4,3,1,8.6,HR
89,89,71,78,1,5,1,1,8.6,Software
66,74,88,78,1,1,0,1,8.6,Teacher
71,94,76,82,1,3,2,0,8.6,HR
68,80,68,78,1,6,2,0,8.6,HR
88,87,68,83,1,6,2,1,8.6,Software
91,86,64,89,1,5,3,1,8.6,Software
65,63,84,72,0,2,0,1,8.6,Teacher
86,80,69,76,1,4,3,1,8.6,Software
84,87,69,80,1,4,1,1,8.6,Software
80,75,56,87,1,4,3,1,8.6,Software
94,70,55,86,1,6,1,1,8.6,Software
53,75,93,71,1,2,1,1,8.6,Teacher
77,83,76,81,0,6,1,1,8.6,HR
64,60,87,68,0,1,0,0,8.6,Teacher
80,81,67,81,0,4,3,1,8.6,HR
50,79,83,72,1,1,1,1,8.6,Teacher
86,86,64,89,1,7,2,1,8.6,Software
84,87,70,82,1,4,4,1,8.6,Software
77,80,65,88,0,3,1,0,8.6,HR
85,78,67,83,1,6,1,1,8.6,Software
68,70,92,79,1,1,0,1,8.6,Teacher
84,85,70,88,1,6,3,1,8.6,Software
62,67,87,77,0,1,1,1,8.6,Teacher
72,91,62,79,0,6,3,1,8.6,HR
60,63,86,76,1,3,0,1,8.6,Teacher
51,77,84,76,1,3,1,0,8.6,Teacher
61,73,89,71,0,1,1,1,8.6,Teacher
55,72,84,66,1,1,1,1,8.6,Teacher
65,61,87,79,0,1,0,1,8.6,Teacher
67,75,90,74,0,2,0,0,8.6,Teacher
88,87,74,83,1,4,4,1,8.6,Software
67,92,66,83,1,5,3,0,8.6,HR
80,89,66,88,1,7,1,1,8.6,Software
74,85,64,78,1,6,3,1,8.6,HR
84,83,61,79,1,5,4,1,8.6,HR
89,79,56,83,1,7,4,1,8.6,Software
83,82,60,77,1,5,3,1,8.6,Software
84,71,58,75,1,5,3,1,8.6,Software
72,88,61,83,0,6,2,1,8.6,HR
90,85,59,89,1,6,4,1,8.6,Software
81,80,68,78,0,5,1,1,8.6,HR
67,70,94,69,1,1,1,1,8.6,Teacher
51,70,91,78,1,2,0,1,8.6,Teacher
63,75,80,66,0,1,1,1,8.6,Teacher
56,72,93,65,1,2,1,1,8.6,Teacher
74,93,74,79,1,5,3,0,8.6,HR
67,82,75,77,1,6,2,1,8.6,HR
84,84,62,79,1,4,2,1,8.6,Teacher
83,89,72,89,1,3,2,1,8.6,HR
63,77,92,79,0,2,0,1,8.6,Teacher
85,82,64,86,1,4,2,1,8.6,Teacher
65,62,89,72,0,2,1,0,8.6,Teacher
70,89,68,83,1,5,2,1,8.6,HR
78,80,77,87,1,3,1,0,8.6,Teacher
83,85,60,87,1,7,3,1,8.6,Software
67,81,66,83,1,6,1,0,8.6,HR
54,60,90,79,1,1,0,1,8.6,Teacher
83,82,75,79,1,3,2,0,8.6,HR
74,82,77,88,0,5,2,1,8.6,HR
69,70,84,73,0,3,1,0,8.6,Teacher
54,65,82,65,0,2,1,0,8.6,Teacher
83,94,74,83,1,3,2,0,8.6,HR
77,83,62,86,1,6,3,1,8.6,HR
68,64,82,65,0,3,0,1,8.6,Teacher
92,82,62,76,1,5,2,1,8.6,Software
62,75,93,71,1,1,0,0,8.6,Teacher
52,63,92,71,1,1,0,0,8.6,Teacher
93,73,74,85,1,5,3,1,8.6,Software
83,84,61,89,0,5,2,0,8.6,HR
92,81,61,87,1,6,1,1,8.6,Software
78,87,65,83,1,6,3,1,8.6,HR
51,63,85,65,0,1,1,1,8.6,Teacher
65,86,67,79,1,6,3,0,8.6,HR
70,84,68,85,0,4,2,0,8.6,Teacher
84,89,79,85,1,4,1,0,8.6,HR
69,63,80,70,1,2,0,0,8.6,Teacher
78,89,66,81,1,3,2,0,8.6,HR
52,63,80,73,0,2,1,1,8.6,Teacher
64,64,87,78,1,1,0,0,8.6,Teacher
67,72,84,66,0,2,1,1,8.6,Teacher
92,71,62,79,1,5,3,1,8.6,Software
87,84,59,78,1,5,4,1,8.6,Software
94,88,66,76,1,7,2,1,8.6,Software
66,79,89,70,0,2,0,1,8.6,Teacher
65,77,92,75,0,3,1,0,8.6,Teacher
66,91,72,81,0,6,2,0,8.6,HR
63,66,89,71,1,2,0,1,8.6,Teacher
94,75,72,88,1,7,4,1,8.6,Software
68,85,73,83,0,3,1,1,8.6,HR
94,87,70,75,1,7,4,1,8.6,Teacher
92,80,58,84,1,7,2,1,8.6,Software
80,88,75,89,1,6,2,0,8.6,HR
76,82,67,81,1,5,2,0,8.6,Software
89,89,64,84,1,6,4,1,8.6,Software
66,88,73,78,0,3,3,0,8.6,HR
64,65,91,72,0,2,1,0,8.6,Teacher
70,81,60,85,0,6,3,0,8.6,HR
75,92,70,78,0,4,3,0,8.6,HR
93,87,61,79,1,7,3,1,8.6,Software
82,70,59,75,1,4,3,1,8.6,Software
65,66,83,78,0,3,0,0,8.6,HR
53,68,89,78,0,2,1,0,8.6,Teacher
59,73,89,74,1,1,0,0,8.6,Teacher
87,80,63,87,1,6,3,1,8.6,Software
76,88,68,78,1,3,2,1,8.6,HR
77,85,70,77,1,6,2,1,8.6,HR
63,73,88,73,1,1,0,1,8.6,Teacher
74,90,62,88,0,4,1,0,8.6,HR
55,65,81,70,0,3,1,1,8.6,Teacher
50,77,80,73,0,1,1,1,8.6,Teacher
57,66,94,69,0,1,0,0,8.6,Teacher
83,71,61,77,1,5,3,1,8.6,Software
67,76,91,74,1,3,1,0,8.6,Teacher
73,81,78,86,1,5,1,0,8.6,HR
87,76,71,78,1,6,4,1,8.6,Software
80,83,64,77,1,7,2,1,8.6,Software
92,75,59,75,1,6,2,1,8.6,Software
82,87,67,81,1,4,3,0,8.6,HR
63,78,89,69,1,3,1,0,8.6,Teacher
84,78,68,77,1,6,4,1,8.6,Software
56,75,92,71,1,2,1,1,8.6,Teacher
57,66,86,79,0,2,0,1,8.6,Teacher
71,81,70,85,0,6,2,1,8.6,HR
88,85,60,85,1,4,3,1,8.6,Software
93,71,73,76,1,6,3,1,8.6,Software
58,73,89,76,1,1,1,0,8.6,Teacher
81,77,57,81,1,4,3,1,8.6,Software
91,89,72,80,1,7,4,1,8.6,HR
94,87,67,78,1,4,4,1,8.6,Software
94,79,61,88,1,4,1,1,8.6,Software
74,93,67,84,1,6,1,0,8.6,HR
88,84,69,88,1,7,2,1,8.6,Software
56,73,85,79,1,1,0,0,8.6,Teacher
80,87,75,81,1,3,1,0,8.6,HR
88,86,74,83,1,4,1,1,8.6,Software
57,69,94,71,1,2,1,0,8.6,Teacher
56,74,80,65,0,2,0,1,8.6,Teacher
55,73,93,77,0,3,1,0,8.6,Teacher
84,77,58,76,1,6,4,1,8.6,Software
93,76,66,89,1,4,4,1,8.6,Software
82,89,74,84,0,4,1,1,8.6,HR
68,69,86,77,1,1,0,1,8.6,Teacher
80,73,64,75,1,6,4,1,8.6,Software
85,83,72,75,1,4,1,1,8.6,Software
82,85,61,89,1,4,1,1,8.6,Teacher
57,79,82,67,1,3,1,0,8.6,Teacher
61,77,88,67,1,3,1,1,8.6,Teacher
52,75,80,76,1,3,0,1,8.6,Teacher
80,86,71,82,1,7,3,1,8.6,Software
83,88,78,84,0,6,1,0,8.6,HR
88,88,68,77,1,6,2,1,8.6,Software
81,91,71,89,1,6,1,1,8.6,HR
80,87,69,75,1,4,2,1,8.6,Software
68,89,79,86,1,3,2,1,8.6,HR
80,81,67,87,1,3,1,0,8.6,HR
65,79,94,65,0,2,1,0,8.6,Teacher
91,73,66,79,1,5,1,1,8.6,Software
84,80,57,89,1,4,1,1,8.6,Software
81,90,73,77,0,5,1,1,8.6,HR
84,87,64,77,0,5,2,1,8.6,HR
84,83,74,80,1,3,3,0,8.6,HR
83,78,65,82,1,4,1,1,8.6,Software
80,85,73,89,1,7,1,1,8.6,Software
74,82,64,77,1,3,2,0,8.6,HR
83,92,60,76,0,6,3,0,8.6,HR
56,70,84,78,0,1,0,1,8.6,Teacher
86,70,73,87,1,5,4,1,8.6,Teacher
85,71,55,87,1,5,1,1,8.6,Software
66,93,77,84,0,5,3,1,8.6,HR
55,72,86,74,1,2,0,1,8.6,Teacher
91,89,70,87,1,5,4,1,8.6,Software
83,85,56,88,1,5,4,1,8.6,Software
86,83,63,76,1,7,3,1,8.6,Software
91,87,57,79,1,6,1,1,8.6,Teacher
60,72,82,77,1,1,1,0,8.6,Teacher
60,63,83,79,0,1,1,0,8.6,Teacher
62,61,93,68,0,1,1,0,8.6,Teacher
86,81,61,83,1,5,2,1,8.6,Software
75,87,68,77,1,3,1,1,8.6,HR
50,67,91,73,0,1,1,1,8.6,Teacher
94,70,69,77,1,4,2,1,8.6,Software
76,87,78,79,1,5,2,0,8.6,Teacher
88,74,71,80,1,4,3,1,8.6,Software
63,79,92,66,0,3,0,1,8.6,Teacher
84,80,73,80,1,4,1,1,8.6,Software
55,69,88,76,0,3,0,1,8.6,Teacher
62,61,89,67,0,2,1,0,8.6,Teacher
78,91,71,87,0,3,1,0,8.6,HR
90,82,68,82,1,7,3,1,8.6,Software
52,77,93,67,0,1,1,1,8.6,Teacher
91,87,55,83,1,7,3,1,8.6,Software
83,81,57,84,1,5,3,1,8.6,Software
91,72,65,82,1,4,2,1,8.6,Software
70,89,67,77,1,6,3,1,8.6,HR
87,88,61,89,1,5,4,1,8.6,Software
70,91,67,81,1,4,1,1,8.6,HR
84,81,62,80,1,7,2,1,8.6,Software
60,60,84,71,1,2,0,0,8.6,Teacher
76,85,60,88,0,5,1,1,8.6,HR
71,84,64,88,0,4,2,0,8.6,HR
80,73,73,83,1,4,2,1,8.6,Software
83,80,59,83,1,4,4,1,8.6,Software
80,84,64,77,1,3,3,0,8.6,HR
71,88,75,76,1,3,2,1,8.6,HR
63,60,87,74,1,3,1,0,8.6,HR
77,89,73,85,1,6,3,0,8.6,HR
84,82,61,79,1,3,1,1,8.6,Teacher
82,70,57,85,1,5,3,1,8.6,Software
51,71,90,78,0,1,1,1,8.6,Teacher
62,65,85,71,1,1,1,0,8.6,Teacher
67,91,72,86,0,3,2,0,8.6,HR
69,83,67,85,0,4,3,1,8.6,HR
68,89,72,78,1,5,2,0,8.6,HR
84,83,72,76,1,5,3,1,8.6,HR
75,83,74,80,1,3,2,1,8.6,HR
81,88,72,89,1,5,3,1,8.6,HR
72,80,74,75,1,5,1,0,8.6,HR
90,71,71,83,1,7,3,1,8.6,Software
93,86,56,80,1,7,2,1,8.6,Software
65,69,83,66,0,1,0,0,8.6,Teacher
90,85,57,75,1,6,4,1,8.6,Software
55,73,88,75,1,1,0,0,8.6,Teacher
90,74,55,76,1,4,3,1,8.6,Software
85,83,60,84,1,6,4,1,8.6,Software
77,93,68,77,1,4,3,0,8.6,HR
65,71,88,67,1,3,0,0,8.6,Teacher
82,82,62,88,1,5,1,1,8.6,HR
92,76,69,77,1,6,4,1,8.6,Software
68,77,91,71,0,2,1,0,8.6,Teacher
71,86,61,80,1,4,1,1,8.6,HR
88,76,56,89,1,4,1,1,8.6,Software
66,82,71,78,0,3,2,1,8.6,HR
84,92,69,76,0,3,3,0,8.6,HR
78,83,78,81,0,6,2,0,8.6,HR
62,78,89,69,0,1,1,1,8.6,Teacher
80,84,65,83,1,6,2,1,8.6,Software
84,81,73,76,0,4,1,1,8.6,HR
88,82,56,85,1,7,3,1,8.6,Software
50,75,82,71,0,2,0,1,8.6,Teacher
85,70,71,83,1,5,2,1,8.6,Software
51,63,80,79,0,1,1,0,8.6,Teacher
59,73,93,75,1,2,0,1,8.6,Teacher
57,66,89,73,1,3,0,0,8.6,Teacher
58,67,90,68,1,2,1,0,8.6,Teacher
81,80,60,83,1,7,3,1,8.6,Software
55,70,91,74,0,2,1,0,8.6,Teacher
91,81,66,84,1,7,3,1,8.6,Software
80,80,73,79,1,5,2,1,8.6,Software
82,82,60,89,1,3,1,0,8.6,HR
86,77,62,86,1,7,4,1,8.6,Software
92,80,69,76,1,5,3,1,8.6,Software
86,74,67,89,1,4,4,1,8.6,Software
55,63,82,78,1,2,0,0,8.6,Teacher
67,79,88,68,0,3,1,1,8.6,Teacher
77,89,75,78,0,6,1,0,8.6,HR
65,80,62,87,1,6,2,0,8.6,HR
87,86,72,76,1,7,4,1,8.6,Software
66,83,73,88,0,4,2,0,8.6,HR
50,64,88,77,1,1,0,0,8.6,Teacher
66,68,90,79,1,2,0,0,8.6,Teacher
69,89,68,85,1,6,2,1,8.6,HR
87,77,64,81,1,4,4,1,8.6,Software
81,85,74,87,0,5,1,1,8.6,HR
62,70,92,72,1,1,0,0,8.6,Teacher
81,88,60,79,1,3,1,0,8.6,HR
54,61,93,66,0,3,1,0,8.6,Teacher
57,61,83,72,1,2,0,0,8.6,Teacher
57,79,89,75,1,2,1,0,8.6,Teacher
81,90,61,84,1,6,1,0,8.6,HR
88,71,62,77,1,4,2,1,8.6,Software
85,80,58,75,1,6,4,1,8.6,Software
90,73,71,75,1,4,3,1,8.6,Software
60,78,94,72,1,1,1,1,8.6,Teacher
56,79,89,65,0,2,1,0,8.6,Software
58,63,84,69,1,2,1,0,8.6,Teacher
67,74,86,74,0,3,1,1,8.6,Teacher
65,94,67,86,0,6,1,1,8.6,Teacher
59,72,94,74,1,2,1,1,8.6,Teacher
86,78,60,88,1,5,2,1,8.6,Software
82,75,68,77,1,5,1,1,8.6,Software
88,84,74,76,1,4,1,1,8.6,Software
85,88,62,89,1,4,3,1,8.6,Software
67,92,79,78,1,3,1,1,8.6,HR
55,79,82,76,0,1,0,1,8.6,HR
83,89,65,88,0,3,2,1,8.6,HR
63,68,82,70,0,1,1,1,8.6,Teacher
54,79,93,75,1,2,0,1,8.6,Teacher
66,88,67,81,0,3,1,0,8.6,HR
66,93,62,79,1,5,3,0,8.6,HR
90,88,56,86,1,4,4,1,8.6,Software
74,90,70,82,0,5,3,0,8.6,HR
65,88,79,77,1,4,3,0,8.6,HR
80,84,67,89,1,4,3,1,8.6,Software
63,63,89,79,0,1,0,0,8.6,Teacher
72,88,66,86,1,6,3,1,8.6,HR
91,89,61,80,1,7,4,1,8.6,Software
51,66,92,73,0,2,0,1,8.6,Teacher
58,76,80,75,0,2,1,0,8.6,Teacher
80,80,65,82,1,5,3,1,8.6,Software
90,75,67,86,1,5,4,1,8.6,Software
70,82,67,89,1,3,1,0,8.6,HR
81,89,71,86,1,5,2,1,8.6,Software
63,63,84,65,0,1,1,0,8.6,Software
55,79,86,67,1,2,0,0,8.6,Teacher
89,78,63,75,1,4,1,1,8.6,Software
62,77,88,73,0,1,0,0,8.6,Teacher
60,63,81,71,0,2,0,1,8.6,Teacher
92,78,70,88,1,4,1,1,8.6,Software
84,82,74,86,1,7,4,1,8.6,Software
62,62,91,70,0,2,1,0,8.6,HR
69,88,62,75,1,3,2,1,8.6,HR
63,66,91,73,0,3,1,1,8.6,Teacher
80,88,69,87,1,6,3,1,8.6,Teacher
67,78,85,73,1,2,1,1,8.6,Teacher
65,83,73,81,1,6,2,0,8.6,HR
71,85,68,81,0,5,3,1,8.6,HR
52,78,87,68,1,3,0,0,8.6,Teacher
62,69,81,69,1,2,0,1,8.6,Teacher
56,65,87,77,0,2,0,1,8.6,Teacher
84,74,59,78,1,4,2,1,8.6,Software
89,84,68,84,1,4,2,1,8.6,Software
67,76,87,73,1,1,1,1,8.6,Teacher
84,87,70,88,1,7,1,1,8.6,Software
83,83,58,79,1,6,1,1,8.6,Software
91,84,70,78,1,5,4,1,8.6,Software
62,74,81,68,1,1,0,0,8.6,Teacher
83,80,62,89,0,3,2,1,8.6,Software
81,77,65,81,1,4,4,1,8.6,Software
59,62,92,76,0,2,0,0,8.6,Teacher
69,92,66,79,0,3,1,1,8.6,HR
67,70,94,76,1,1,0,0,8.6,Teacher
77,86,60,78,0,6,3,1,8.6,HR
61,67,94,67,1,1,1,1,8.6,Teacher
84,93,78,79,0,6,1,1,8.6,HR
84,75,70,84,1,7,4,1,8.6,HR
75,87,78,79,0,6,2,0,8.6,HR
92,87,57,78,1,6,1,1,8.6,Software
82,91,76,86,1,4,2,0,8.6,HR
73,90,72,87,0,6,3,1,8.6,HR
57,70,93,78,1,3,0,0,8.6,Teacher
65,94,63,84,0,4,3,1,8.6,HR
80,80,64,88,1,5,3,1,8.6,HR
86,78,68,80,1,5,1,1,8.6,Software
65,64,90,76,0,1,1,0,8.6,Teacher
52,64,85,66,1,1,1,0,8.6,Teacher
58,62,89,68,1,3,1,1,8.6,Teacher
62,68,84,75,1,2,0,1,8.6,Teacher
55,60,94,71,0,3,1,0,8.6,Teacher
63,67,80,74,0,2,1,0,8.6,Teacher
76,90,70,87,0,6,1,1,8.6,HR
89,79,67,88,1,7,1,1,8.6,Software
58,67,90,70,0,1,0,1,8.6,Teacher
69,86,69,86,1,5,3,0,8.6,HR
94,73,64,82,1,7,2,1,8.6,Software
69,85,76,88,1,3,2,0,8.6,HR
78,84,64,78,1,5,2,0,8.6,HR
63,73,93,73,1,3,0,1,8.6,Teacher
89,88,70,83,1,7,4,1,8.6,Software
61,76,93,78,1,2,1,1,8.6,Teacher
86,73,57,89,1,5,3,1,8.6,Software
62,65,86,70,1,2,0,1,8.6,Teacher
83,82,73,79,1,6,3,1,8.6,Software
85,81,58,75,1,6,3,1,8.6,Software
80,90,79,80,1,3,2,1,8.6,HR
53,63,80,73,1,3,0,1,8.6,Teacher
84,74,62,84,1,5,3,1,8.6,Software
62,61,82,75,0,1,0,1,8.6,Teacher
79,90,71,79,1,5,2,0,8.6,HR
84,81,56,75,1,4,2,1,8.6,Software
84,82,63,86,1,4,2,1,8.6,Software
84,80,65,82,1,5,1,1,8.6,Software
57,73,83,65,0,3,0,1,8.6,Teacher
62,64,92,70,1,1,0,1,8.6,Teacher
79,91,64,81,1,4,2,1,8.6,HR
57,69,82,67,1,1,0,1,8.6,Teacher
82,83,77,84,0,3,1,1,8.6,HR
90,87,69,82,1,4,1,1,8.6,Software
65,74,91,77,1,2,1,1,8.6,Teacher
50,71,84,75,1,3,1,1,8.6,Teacher
78,80,64,81,0,4,2,0,8.6,HR
90,73,62,77,1,4,1,1,8.6,Software
68,71,84,71,1,2,1,1,8.6,Teacher
60,74,85,68,0,1,1,1,8.6,Teacher
67,73,83,66,1,2,0,1,8.6,Teacher
68,76,94,78,0,2,1,0,8.6,Teacher
65,89,73,87,1,3,1,1,8.6,HR
67,70,82,70,1,2,1,1,8.6,Teacher
80,83,60,75,1,7,2,1,8.6,Software
83,80,78,87,1,5,3,0,8.6,HR
58,77,90,67,0,3,1,0,8.6,Teacher
79,85,67,82,1,3,2,0,8.6,HR
92,89,74,86,1,6,1,1,8.6,Software
57,76,84,79,1,1,1,0,8.6,Teacher
60,69,84,77,0,2,0,0,8.6,Teacher
88,79,56,89,1,7,3,1,8.6,Software
57,61,80,71,1,3,0,0,8.6,Teacher
57,62,85,70,1,3,1,1,8.6,Teacher
81,86,59,85,1,5,3,1,8.6,Software
59,61,83,73,1,2,0,1,8.6,HR
58,64,86,68,1,1,0,1,8.6,Teacher
71,85,63,88,1,5,2,0,8.6,HR
62,68,93,70,1,1,0,1,8.6,Teacher
87,70,64,75,1,4,4,1,8.6,Software
88,79,71,86,1,7,2,1,8.6,Software
85,77,71,85,1,6,3,1,8.6,Software
80,78,61,80,1,6,3,1,8.6,Software
76,83,62,80,1,6,1,1,8.6,HR
59,64,83,69,1,2,1,0,8.6,Teacher
56,66,91,79,1,1,1,1,8.6,Teacher
55,75,94,72,0,3,0,1,8.6,Teacher
67,91,63,75,1,4,1,0,8.6,Teacher
91,78,67,81,1,5,4,1,8.6,Software
80,81,62,77,1,4,4,1,8.6,Software
71,88,65,88,0,4,3,0,8.6,HR
91,89,68,77,1,7,4,1,8.6,Software
81,86,64,76,1,5,3,1,8.6,Software
79,84,72,77,1,4,3,0,8.6,HR
75,92,71,75,0,5,1,0,8.6,HR
82,75,56,77,1,4,1,1,8.6,Software
76,94,69,88,0,3,2,1,8.6,HR
58,74,91,77,1,1,0,0,8.6,Software
84,82,67,77,1,4,3,1,8.6,Software
75,85,75,77,0,3,3,1,8.6,HR
62,69,88,77,0,2,0,0,8.6,Teacher
70,86,71,79,0,6,2,1,8.6,HR
70,88,60,87,1,5,1,0,8.6,HR
56,61,80,66,1,2,1,1,8.6,Teacher
59,67,81,70,0,2,1,0,8.6,Teacher
64,67,82,75,1,1,0,1,8.6,Teacher
80,72,74,75,1,4,2,1,8.6,Software
92,73,61,81,1,4,3,1,8.6,Software
93,76,66,82,1,6,3,1,8.6,Software
82,76,65,87,1,4,1,1,8.6,Software
91,74,70,83,1,6,2,1,8.6,Software
60,75,81,66,0,1,1,1,8.6,Teacher
76,93,70,86,0,5,2,1,8.6,HR
65,94,69,88,1,6,2,0,8.6,HR
72,86,64,77,0,6,2,0,8.6,HR
88,79,62,80,1,7,1,1,8.6,Software
62,72,81,70,1,1,0,1,8.6,Teacher
87,74,66,83,1,6,3,1,8.6,Software
83,85,74,89,0,6,2,1,8.6,Teacher
69,67,80,79,1,1,1,1,8.6,Teacher
57,69,80,70,0,2,1,1,8.6,Teacher
66,68,92,67,1,2,1,0,8.6,Teacher
58,62,82,79,1,1,1,1,8.6,Teacher
83,87,65,79,1,5,4,1,8.6,Software
51,66,84,73,1,2,1,1,8.6,Teacher
88,80,73,87,1,4,2,1,8.6,Software
82,83,63,86,1,3,3,1,8.6,Software
93,80,63,78,1,7,4,1,8.6,Software
82,85,63,78,1,5,1,1,8.6,Software
77,85,66,79,1,3,2,0,8.6,HR
52,66,94,74,1,3,0,0,8.6,Teacher
85,82,55,82,1,7,3,1,8.6,Software
65,85,72,89,1,4,2,0,8.6,HR
54,73,81,65,0,2,0,1,8.6,Teacher
66,71,81,72,1,3,1,0,8.6,Teacher
87,71,60,80,1,4,3,1,8.6,Software
79,90,67,87,0,5,2,0,8.6,HR
91,89,74,79,1,4,4,1,8.6,Software
80,85,73,81,0,3,1,1,8.6,HR
76,83,79,78,1,5,2,0,8.6,HR
83,89,70,82,1,5,4,1,8.6,Software
93,82,68,84,1,7,4,1,8.6,Software
88,89,62,87,1,7,3,1,8.6,Software
88,75,68,76,1,6,1,1,8.6,Software
77,83,68,88,1,4,3,0,8.6,HR
53,69,83,66,1,3,0,1,8.6,Teacher
84,83,77,88,1,6,2,1,8.6,HR
72,81,66,89,1,5,2,0,8.6,HR
59,77,93,73,0,1,0,1,8.6,Teacher
75,86,61,77,0,6,3,1,8.6,HR
56,61,85,73,0,2,0,1,8.6,Teacher
62,62,89,69,0,1,1,0,8.6,Teacher
83,87,64,75,1,5,3,1,8.6,Software
83,89,74,85,1,5,1,1,8.6,Software
82,73,70,87,1,7,3,1,8.6,Software
52,69,87,76,0,1,0,0,8.6,Teacher
80,87,73,81,1,6,2,1,8.6,Software
72,85,67,76,0,6,3,1,8.6,HR
89,81,72,82,1,7,4,1,8.6,Teacher
60,73,87,74,0,3,0,1,8.6,Teacher
69,65,85,76,1,3,1,0,8.6,Teacher
65,71,91,68,1,2,0,0,8.6,Teacher
81,72,66,87,1,6,1,1,8.6,Software
80,76,57,87,1,6,2,1,8.6,Software
93,75,57,85,1,7,2,1,8.6,Software
93,86,70,78,1,4,4,1,8.6,HR
67,71,87,72,0,3,1,1,8.6,Teacher
68,79,93,76,0,3,0,1,8.6,Teacher
92,75,63,79,1,4,3,1,8.6,Software
93,79,71,78,1,5,2,1,8.6,Software
70,90,65,80,1,3,3,1,8.6,HR
94,82,70,81,1,6,1,1,8.6,Software
57,68,94,68,0,3,0,0,8.6,Teacher
83,77,59,75,1,7,2,1,8.6,Software
84,88,68,89,1,3,2,1,8.6,HR
53,66,85,74,0,1,1,1,8.6,Teacher
58,69,88,71,0,3,0,0,8.6,Software
81,85,68,78,1,5,2,1,8.6,Software
93,87,59,89,1,7,4,1,8.6,Software
65,94,61,88,1,6,1,1,8.6,HR
71,80,63,84,0,6,3,0,8.6,HR
60,66,94,74,1,2,0,1,8.6,Teacher
63,71,90,67,0,1,1,0,8.6,Teacher
83,79,72,75,1,5,2,1,8.6,HR
84,80,79,86,0,6,1,1,8.6,HR
79,93,63,87,0,4,2,1,8.6,HR
71,82,77,85,0,3,1,0,8.6,HR
56,64,87,71,1,3,1,0,8.6,Teacher
66,75,88,70,0,1,0,0,8.6,Teacher
72,80,67,81,1,5,1,0,8.6,HR
68,82,67,80,1,6,2,0,8.6,HR
82,89,62,84,1,5,3,1,8.6,Software
65,90,69,83,0,6,3,0,8.6,HR
84,91,68,80,0,5,1,1,8.6,HR
78,89,72,85,0,4,1,0,8.6,HR
94,78,56,79,1,4,3,1,8.6,Software
67,88,64,78,1,6,3,0,8.6,HR
93,77,64,83,1,5,3,1,8.6,Software
69,70,88,78,0,1,0,0,8.6,Teacher
66,66,92,69,0,3,0,1,8.6,Teacher
80,85,64,83,1,4,3,1,8.6,HR
53,72,80,78,0,1,1,1,8.6,Software
56,60,94,65,0,1,1,0,8.6,Teacher
83,77,65,75,1,7,1,1,8.6,Software
84,89,60,80,1,7,1,1,8.6,Software
64,68,80,75,1,1,1,1,8.6,Teacher
64,68,83,69,0,1,1,0,8.6,Teacher
55,67,89,74,0,2,1,0,8.6,Teacher
94,76,65,75,1,4,1,1,8.6,Software
73,92,74,75,0,3,3,1,8.6,HR
57,71,89,69,0,1,0,0,8.6,Teacher
81,70,70,81,1,6,3,1,8.6,Software
51,61,91,73,0,3,0,0,8.6,Teacher
58,67,87,67,0,2,0,1,8.6,Teacher
77,88,77,88,0,6,3,1,8.6,HR
51,72,92,65,0,2,1,0,8.6,Teacher
86,73,66,87,1,6,2,1,8.6,Software
62,60,86,72,0,3,0,1,8.6,Teacher
94,74,59,88,1,5,2,1,8.6,Software
53,69,82,71,0,2,0,1,8.6,Teacher
66,85,78,82,0,3,3,0,8.6,HR
69,85,76,85,1,6,3,0,8.6,HR
79,94,69,80,0,5,3,0,8.6,HR
68,89,67,84,1,4,1,0,8.6,HR
91,84,69,88,1,6,2,1,8.6,Software
88,87,66,82,1,4,3,1,8.6,Software
87,88,71,84,1,4,1,1,8.6,Software
52,63,92,69,0,2,0,1,8.6,Teacher
68,90,78,84,0,3,3,1,8.6,HR
87,87,70,87,1,6,4,1,8.6,Software
66,85,76,76,1,4,3,0,8.6,HR
61,66,81,77,1,3,0,0,8.6,Teacher
81,72,71,80,1,4,1,1,8.6,Software
54,63,83,76,0,1,0,0,8.6,Teacher
72,82,60,81,1,5,1,1,8.6,HR
80,86,64,83,0,5,2,0,8.6,HR
53,72,89,79,0,2,1,0,8.6,Teacher
86,81,62,77,1,5,4,1,8.6,HR
82,80,63,85,1,4,3,0,8.6,HR
55,65,80,76,0,3,1,0,8.6,Teacher
59,78,92,79,0,3,1,1,8.6,Teacher
65,69,86,68,1,3,1,0,8.6,Teacher
70,85,70,89,1,6,1,0,8.6,HR
89,79,61,87,1,5,2,1,8.6,Software
90,86,69,80,1,4,3,1,8.6,Software
61,71,81,68,0,1,1,0,8.6,Teacher
84,81,71,83,1,6,2,1,8.6,Software
91,74,67,75,1,5,4,1,8.6,Software
92,89,65,81,1,5,4,1,8.6,Software
50,72,83,68,0,2,0,0,8.6,Teacher
94,72,58,84,1,4,3,1,8.6,Software
68,86,66,78,1,4,3,0,8.6,HR
86,85,67,77,1,5,4,1,8.6,Software
54,75,83,69,0,1,0,0,8.6,Teacher
54,67,81,68,0,2,0,0,8.6,Teacher
92,72,56,83,1,4,3,1,8.6,Software
51,73,93,65,1,2,0,1,8.6,Teacher
67,93,60,85,1,4,2,1,8.6,HR
82,78,59,82,1,4,1,1,8.6,Software
94,75,56,82,1,4,4,1,8.6,Software
68,86,73,81,1,6,1,1,8.6,HR
54,63,89,67,1,3,1,0,8.6,Teacher
83,84,61,78,1,4,4,1,8.6,Software
94,87,63,77,1,5,4,1,8.6,Software
71,93,77,75,1,5,1,1,8.6,HR
69,78,80,68,0,1,1,0,8.6,Teacher
71,90,72,85,1,3,3,1,8.6,HR
84,79,61,79,1,4,1,1,8.6,Software
62,65,85,68,0,3,0,1,8.6,Teacher
88,84,65,78,1,6,2,1,8.6,Software
53,69,86,68,1,2,1,0,8.6,Teacher
89,84,60,85,1,5,4,1,8.6,Software
66,87,61,84,1,3,3,0,8.6,HR
58,69,92,65,1,1,1,1,8.6,Teacher
86,87,63,87,1,6,4,1,8.6,Software
79,83,60,78,0,5,2,0,8.6,HR
88,70,72,84,1,4,1,1,8.6,Software
75,93,62,87,0,6,2,0,8.6,HR
84,86,63,83,0,6,2,1,8.6,HR
66,94,63,83,1,3,1,0,8.6,HR
85,71,67,84,1,4,4,1,8.6,Software
80,77,64,89,1,5,3,1,8.6,Software
59,66,84,65,0,1,1,1,8.6,Teacher
93,73,65,81,1,4,2,1,8.6,Software
78,85,64,89,0,5,2,0,8.6,HR
84,88,65,77,1,4,2,0,8.6,HR
71,80,76,86,0,5,3,1,8.6,HR
78,91,79,81,0,4,2,1,8.6,HR
83,74,74,83,1,6,3,1,8.6,Software
87,80,56,75,1,4,2,1,8.6,Software
65,78,86,70,1,3,0,0,8.6,Teacher
56,66,80,75,0,2,1,1,8.6,Teacher
76,80,63,81,0,4,3,0,8.6,HR
71,82,62,87,1,3,3,0,8.6,HR
57,69,91,74,0,2,1,1,8.6,Teacher
93,75,71,77,1,4,3,1,8.6,Software
92,82,68,86,1,4,1,1,8.6,Software
61,60,80,74,1,3,1,0,8.6,Teacher
78,93,73,79,0,5,2,1,8.6,HR
90,81,69,80,1,5,4,1,8.6,Software
91,83,66,76,1,5,3,1,8.6,Software
54,64,85,67,1,1,0,1,8.6,Teacher
72,89,69,76,1,3,3,0,8.6,HR
63,76,81,66,1,2,1,1,8.6,Teacher
80,94,65,79,1,4,3,0,8.6,HR
66,87,67,86,0,3,3,1,8.6,HR
55,78,84,77,0,3,0,0,8.6,Teacher
80,88,67,87,1,4,2,1,8.6,Software
84,70,72,86,1,6,2,1,8.6,Software
69,94,77,84,1,3,3,0,8.6,HR
63,70,80,73,1,2,0,1,8.6,Teacher
88,78,58,80,1,6,1,1,8.6,Software
94,71,66,86,1,6,1,1,8.6,Software
63,60,88,74,1,1,0,0,8.6,Teacher
85,74,65,78,1,6,4,1,8.6,Software
93,73,67,85,1,6,4,1,8.6,Software
69,86,63,88,0,4,1,1,8.6,HR
90,70,59,79,1,5,2,1,8.6,Software
57,70,91,68,0,1,1,1,8.6,Software
86,72,61,89,1,4,4,1,8.6,Software
72,80,60,78,0,3,1,1,8.6,HR
71,89,75,84,1,3,1,1,8.6,HR
84,94,67,85,1,3,3,1,8.6,HR
65,70,94,70,1,3,1,0,8.6,Teacher
62,63,93,65,0,2,1,0,8.6,Teacher
85,88,71,80,1,6,3,1,8.6,Software
87,71,72,89,1,5,4,1,8.6,Software
73,87,66,89,0,5,1,0,8.6,HR
69,68,88,67,1,1,0,0,8.6,Teacher
77,85,75,82,1,4,2,0,8.6,HR
73,93,77,84,0,4,1,1,8.6,HR
74,85,68,89,1,5,2,0,8.6,HR
94,87,62,89,1,4,2,1,8.6,Software
83,81,70,77,1,4,1,1,8.6,HR
53,63,83,77,1,1,1,0,8.6,Teacher
94,87,68,82,1,7,1,1,8.6,Teacher
68,88,63,86,1,3,2,1,8.6,HR
73,84,67,86,1,3,2,1,8.6,HR
82,75,58,82,1,6,3,1,8.6,Software
56,60,80,78,0,3,0,0,8.6,Teacher
85,80,68,78,1,5,2,1,8.6,Software
63,65,88,71,1,3,1,0,8.6,Teacher
62,65,80,77,0,3,0,1,8.6,Teacher
62,67,94,77,0,2,1,0,8.6,Teacher
72,90,69,87,0,3,3,1,8.6,HR
86,73,65,80,1,5,3,1,8.6,Software
84,78,73,87,1,5,3,1,8.6,HR
52,61,84,77,1,2,1,0,8.6,Teacher
77,88,73,89,1,6,3,1,8.6,HR
87,74,68,86,1,5,1,1,8.6,Software
57,79,86,76,1,3,1,1,8.6,Teacher
59,70,94,67,1,2,0,1,8.6,Teacher
73,80,78,75,1,6,3,1,8.6,HR
90,80,69,86,1,7,2,1,8.6,Software
59,77,93,74,0,2,1,0,8.6,Teacher
71,89,67,82,1,4,1,1,8.6,HR
54,62,89,72,1,2,0,1,8.6,Teacher
51,78,94,75,0,3,1,0,8.6,Teacher
68,85,75,86,0,6,3,0,8.6,HR
72,90,73,89,0,3,1,0,8.6,HR
52,75,91,73,0,2,1,1,8.6,Teacher
50,74,85,76,0,1,0,1,8.6,Teacher
66,61,89,76,0,3,0,1,8.6,Teacher
83,87,76,82,1,4,1,0,8.6,HR
67,83,65,78,1,5,3,0,8.6,HR
71,87,66,85,1,6,2,0,8.6,HR
92,88,58,77,1,5,1,1,8.6,Software
84,76,63,77,1,7,4,1,8.6,Software
70,88,70,79,1,6,1,1,8.6,HR
68,80,65,84,0,3,1,0,8.6,HR
93,84,69,77,1,7,2,1,8.6,Software
83,81,65,76,0,4,2,1,8.6,HR
67,80,74,76,1,5,1,0,8.6,Teacher
82,79,56,85,1,4,2,1,8.6,Software
86,85,57,84,1,5,1,1,8.6,Software
84,89,58,81,1,5,4,1,8.6,Software
70,86,73,85,1,6,2,1,8.6,HR
59,72,86,79,0,3,0,0,8.6,Teacher
78,80,73,79,0,4,2,1,8.6,HR
67,86,77,88,1,6,1,1,8.6,HR
85,79,73,88,1,4,4,1,8.6,Software
65,72,91,68,1,1,0,0,8.6,Teacher
87,81,71,84,1,5,4,1,8.6,Software
68,85,68,79,1,6,1,1,8.6,HR
59,68,87,67,0,1,0,1,8.6,Teacher
60,68,93,68,0,2,1,0,8.6,Teacher
59,65,83,72,1,3,1,1,8.6,Teacher
79,87,77,75,0,5,2,1,8.6,HR
65,93,76,84,1,6,2,1,8.6,HR
83,93,64,85,1,4,2,1,8.6,HR
82,79,57,88,1,5,2,1,8.6,Software
59,71,87,71,1,2,0,1,8.6,Teacher
94,77,64,81,1,5,3,1,8.6,Software
72,94,60,78,1,6,1,0,8.6,HR
67,83,75,82,1,3,1,1,8.6,HR
66,65,91,65,1,3,0,0,8.6,Teacher
71,94,65,79,1,6,1,0,8.6,HR
87,79,59,77,1,6,4,1,8.6,Software
58,63,89,67,0,1,0,1,8.6,Teacher
93,81,60,84,1,6,2,1,8.6,Software
75,85,76,87,1,3,2,1,8.6,HR
93,77,72,76,1,7,4,1,8.6,Software
68,86,67,75,0,5,1,1,8.6,HR
58,61,80,79,0,3,1,1,8.6,Teacher
88,79,72,75,1,5,3,1,8.6,Software
64,73,82,74,0,3,1,1,8.6,Teacher
82,81,70,86,1,7,1,1,8.6,Software
89,72,60,76,1,6,4,1,8.6,Software
69,61,83,67,0,3,0,1,8.6,Teacher
80,80,76,84,1,4,2,1,8.6,HR
87,72,56,75,1,6,3,1,8.6,Software
80,84,69,85,1,7,1,1,8.6,Software
70,83,77,83,1,3,2,1,8.6,HR
67,83,73,89,1,4,2,0,8.6,HR
84,82,58,75,1,6,1,1,8.6,Software
80,81,65,78,1,6,2,1,8.6,Software
73,85,76,82,0,6,1,1,8.6,HR
60,68,83,76,1,3,0,1,8.6,Teacher
66,73,89,75,1,1,1,1,8.6,HR
83,93,76,80,1,3,1,0,8.6,HR
87,82,72,88,1,5,1,1,8.6,Software
67,73,91,75,1,1,1,1,8.6,Teacher
54,69,86,71,0,3,1,0,8.6,Teacher
80,82,75,79,0,6,2,0,8.6,HR
71,94,64,88,0,3,2,0,8.6,HR
70,93,66,81,0,3,1,1,8.6,HR
89,81,63,81,1,7,1,1,8.6,Software
92,80,71,89,1,4,1,1,8.6,Software
78,92,65,81,0,6,1,0,8.6,HR
94,86,56,85,1,5,1,1,8.6,Software
65,78,81,79,0,2,1,0,8.6,Teacher
85,78,61,83,1,6,4,1,8.6,Software
70,86,65,79,1,4,2,1,8.6,HR
53,73,80,78,1,2,1,0,8.6,Teacher
90,82,61,87,1,5,2,1,8.6,Software
54,60,82,71,0,1,1,0,8.6,Teacher
92,84,59,87,1,6,3,1,8.6,Software
89,72,71,77,1,7,3,1,8.6,Software
58,78,81,76,0,2,0,1,8.6,Teacher
56,64,80,76,0,1,1,0,8.6,Teacher
82,81,74,83,1,7,2,1,8.6,Software
69,94,77,76,0,4,3,1,8.6,HR
88,89,63,79,1,4,4,1,8.6,Software
66,65,89,79,0,3,0,0,8.6,Teacher
85,79,58,80,1,4,3,1,8.6,Software
52,63,86,66,1,3,1,1,8.6,Teacher
74,88,63,84,1,3,1,0,8.6,HR
93,74,61,83,1,5,3,1,8.6,Software
52,77,82,71,1,2,1,0,8.6,HR
62,78,80,65,1,3,1,0,8.6,Teacher
66,62,93,79,0,1,1,0,8.6,Teacher
92,73,59,84,1,4,1,1,8.6,Software
91,82,56,86,1,6,4,1,8.6,Software
84,78,65,80,1,4,4,1,8.6,Software
59,64,94,71,1,3,1,1,8.6,Teacher
87,86,63,87,1,4,2,1,8.6,Software
92,71,73,80,1,5,4,1,8.6,Software
86,75,69,89,1,7,2,1,8.6,Software
82,84,58,86,1,7,2,1,8.6,Software
50,62,93,70,1,1,0,0,8.6,Teacher
68,85,72,87,0,5,1,1,8.6,HR
59,69,93,73,1,2,1,1,8.6,Teacher
63,67,94,69,1,2,0,1,8.6,Teacher
75,94,74,80,0,3,1,0,8.6,HR
90,87,74,75,1,7,1,1,8.6,Software
71,92,76,86,0,5,1,0,8.6,HR
94,87,68,76,1,4,4,1,8.6,Software
94,70,71,84,1,4,3,1,8.6,Software
69,92,74,75,1,5,2,0,8.6,HR
67,74,80,77,1,2,1,1,8.6,Teacher
64,78,81,77,1,1,0,0,8.6,Teacher
91,77,70,77,1,7,4,1,8.6,Software
78,80,61,88,0,4,1,1,8.6,HR
91,72,64,82,1,5,2,1,8.6,Software
91,82,58,81,1,5,2,1,8.6,Software
93,77,55,84,1,5,4,1,8.6,Software
71,94,73,85,1,5,3,0,8.6,HR
91,74,73,87,1,6,1,1,8.6,Software
82,86,56,82,1,7,1,1,8.6,Software
92,83,65,88,1,4,3,1,8.6,Software
57,66,80,76,1,2,1,0,8.6,Teacher
76,92,72,84,1,3,2,1,8.6,HR
84,85,69,79,1,6,3,1,8.6,Software
66,93,73,83,1,6,3,0,8.6,HR
72,82,63,81,1,4,2,1,8.6,HR
85,70,66,87,1,7,3,1,8.6,Software
81,87,56,83,1,6,2,1,8.6,Software
72,94,60,87,0,4,2,0,8.6,HR
94,87,61,75,1,6,3,1,8.6,Software
56,71,88,67,1,2,1,0,8.6,Teacher
80,81,71,80,1,5,3,1,8.6,HR
64,72,93,70,0,1,1,1,8.6,Teacher
82,83,76,84,1,4,1,1,8.6,HR
59,63,94,75,1,3,0,0,8.6,Teacher
71,86,68,89,0,3,1,0,8.6,Software
94,75,74,86,1,6,4,1,8.6,Software
78,81,64,84,1,4,1,1,8.6,HR
78,92,61,77,1,6,2,1,8.6,HR
61,60,87,73,0,1,1,1,8.6,Teacher
85,85,65,80,1,6,4,1,8.6,Software
91,79,72,78,1,7,2,1,8.6,Software
80,78,66,83,1,6,3,1,8.6,Software
94,71,61,76,1,6,2,1,8.6,Software
73,80,63,78,0,5,1,0,8.6,Teacher
86,72,67,81,1,7,4,1,8.6,Software
78,83,68,75,0,3,2,0,8.6,HR
67,78,94,79,0,3,0,0,8.6,Teacher
94,79,70,86,1,5,3,1,8.6,Software
67,93,71,88,0,6,1,1,8.6,HR
90,79,73,76,1,5,3,1,8.6,Software
69,84,60,75,1,3,1,1,8.6,HR
90,89,60,88,1,7,2,1,8.6,Software
68,68,90,69,1,3,1,1,8.6,Teacher
50,68,85,79,1,3,1,0,8.6,Software
85,75,55,88,1,5,3,1,8.6,Software
83,85,78,85,0,6,3,1,8.6,Teacher
66,77,80,66,0,1,0,0,8.6,Teacher
75,92,74,86,0,4,1,0,8.6,HR
64,63,87,65,1,3,0,0,8.6,Teacher
84,87,55,86,1,5,1,1,8.6,Software
92,77,61,77,1,6,4,1,8.6,Software
83,81,71,79,0,4,1,0,8.6,HR
73,86,64,85,1,4,1,1,8.6,HR
92,77,56,76,1,7,3,1,8.6,Software
68,81,69,76,1,5,1,1,8.6,HR
69,89,68,75,0,6,3,0,8.6,HR
77,94,67,88,0,6,2,0,8.6,HR
79,82,61,82,0,5,1,1,8.6,HR
81,82,65,79,0,3,2,0,8.6,HR
88,82,70,77,1,5,3,1,8.6,Software
82,83,65,82,1,5,4,1,8.6,Software
91,72,61,82,1,6,1,1,8.6,Software
52,67,81,77,1,2,0,1,8.6,Teacher
61,73,88,72,0,3,1,0,8.6,Teacher
77,83,67,80,1,4,3,0,8.6,HR
87,85,57,89,1,7,4,1,8.6,Software
69,94,76,89,0,3,1,1,8.6,Teacher
54,68,90,66,0,3,1,0,8.6,Teacher
52,69,82,67,0,1,1,0,8.6,Teacher
84,74,65,86,1,7,1,1,8.6,Software
50,74,88,66,1,2,1,1,8.6,Teacher
50,70,81,66,0,2,1,1,8.6,Software
83,76,56,75,1,6,4,1,8.6,Software
69,89,63,80,0,3,3,1,8.6,HR
84,84,74,81,1,7,1,1,8.6,Software
84,84,60,88,0,5,1,1,8.6,HR
93,85,68,83,1,5,3,1,8.6,Software
73,84,76,84,0,4,2,0,8.6,HR
82,81,60,80,0,3,2,1,8.6,HR
80,81,64,80,1,4,1,0,8.6,HR
63,79,88,78,0,3,1,1,8.6,Teacher
64,75,80,67,0,1,0,1,8.6,Teacher
66,68,87,68,1,3,0,1,8.6,Teacher
67,64,94,72,1,3,1,1,8.6,Teacher
66,70,93,78,0,3,1,1,8.6,Teacher
77,91,63,89,1,6,3,0,8.6,HR
73,81,62,84,1,4,3,1,8.6,HR
75,84,77,83,0,4,1,1,8.6,HR
80,88,58,85,1,4,4,1,8.6,Software
58,69,92,75,1,2,1,0,8.6,Teacher
75,90,73,77,1,6,3,1,8.6,HR
78,85,67,87,0,6,3,0,8.6,HR
74,86,71,82,0,4,2,1,8.6,HR
85,81,70,75,1,4,3,1,8.6,Software
81,86,79,89,1,3,2,0,8.6,HR
93,81,66,84,1,7,3,1,8.6,Software
55,69,93,68,0,3,0,1,8.6,Teacher
78,85,71,85,0,5,1,1,8.6,HR
60,67,88,68,1,1,0,0,8.6,Teacher
88,81,61,86,1,7,1,1,8.6,Software
89,83,67,82,1,6,1,1,8.6,Software
83,75,57,84,1,5,1,1,8.6,Software
56,73,84,67,1,3,0,0,8.6,Teacher
83,91,67,75,0,4,3,0,8.6,HR
77,91,78,77,0,5,1,0,8.6,HR
59,62,87,74,0,1,0,1,8.6,Teacher
66,81,64,89,0,4,2,0,8.6,HR
76,80,78,88,1,6,2,1,8.6,HR
53,67,84,79,0,1,1,0,8.6,Teacher
67,62,83,78,0,2,1,1,8.6,Teacher
66,74,89,76,1,2,0,1,8.6,Teacher
87,74,63,79,1,7,4,1,8.6,Software
85,80,66,84,1,7,3,1,8.6,Software
64,69,83,69,1,1,1,1,8.6,Teacher
76,92,62,83,1,5,3,0,8.6,HR
85,87,64,86,1,4,2,1,8.6,Software
53,75,90,72,0,3,0,1,8.6,Teacher
79,93,65,76,0,4,3,0,8.6,HR
80,73,58,75,1,4,3,1,8.6,Software
81,85,76,88,1,3,2,1,8.6,HR
87,84,66,79,1,6,1,1,8.6,Software
66,82,68,87,0,6,2,0,8.6,HR
55,77,83,79,1,1,0,1,8.6,Teacher
91,79,66,85,1,7,3,1,8.6,Software
76,88,74,81,0,4,3,0,8.6,HR
76,93,64,85,1,4,2,1,8.6,HR
55,66,90,73,1,2,0,1,8.6,Teacher
84,71,64,88,1,5,1,1,8.6,HR
81,94,63,86,0,4,1,0,8.6,HR
68,84,64,81,0,6,1,1,8.6,HR
62,77,82,74,1,3,0,0,8.6,Teacher
86,82,70,77,1,4,3,1,8.6,Software
65,72,88,76,0,1,1,1,8.6,HR
58,71,83,77,1,3,1,0,8.6,Teacher
77,83,62,85,0,4,2,0,8.6,HR
86,82,59,80,1,4,2,1,8.6,Software
83,87,72,81,0,4,2,1,8.6,HR
77,90,70,79,0,3,1,1,8.6,HR
85,87,57,78,1,6,1,1,8.6,Software
81,85,61,84,1,4,4,1,8.6,Software
86,75,63,85,1,4,3,1,8.6,Software
56,71,88,78,0,2,1,0,8.6,Teacher
55,61,84,67,0,1,1,0,8.6,Teacher
81,82,75,79,1,4,3,1,8.6,HR
79,90,69,78,1,3,3,1,8.6,HR
80,87,73,87,0,6,3,1,8.6,HR
76,88,61,87,1,5,2,0,8.6,HR
52,78,88,76,1,3,1,0,8.6,Teacher
67,62,82,68,0,1,0,0,8.6,Teacher
81,79,61,83,1,6,3,1,8.6,Software
73,94,69,87,1,6,1,1,8.6,HR
82,90,60,88,1,5,1,1,8.6,HR
80,73,64,85,1,5,2,1,8.6,Software
92,84,72,88,1,6,4,1,8.6,Software
63,67,92,78,1,2,0,1,8.6,Teacher
80,85,71,83,1,5,2,1,8.6,Software
89,81,68,89,1,7,4,1,8.6,Teacher
82,74,66,75,1,4,2,1,8.6,Software
87,88,74,75,1,7,1,1,8.6,Software
69,79,92,79,0,2,1,0,8.6,Teacher
65,70,88,71,1,2,0,1,8.6,Teacher
88,72,71,77,1,7,4,1,8.6,Software
64,78,86,67,1,2,1,1,8.6,Teacher
54,65,93,74,0,1,0,0,8.6,Teacher
75,87,61,85,1,4,2,0,8.6,HR
70,84,77,85,1,4,2,1,8.6,HR
93,73,72,89,1,4,2,1,8.6,Software
70,91,67,83,0,4,2,0,8.6,HR
70,86,67,78,1,6,1,1,8.6,HR
80,74,70,89,1,4,1,1,8.6,Software
87,73,70,82,1,4,3,1,8.6,Software
79,84,71,88,1,3,3,0,8.6,HR
84,85,78,83,0,5,3,0,8.6,HR
58,64,86,70,0,3,0,1,8.6,Teacher
80,81,60,76,1,7,1,1,8.6,Software
76,85,75,81,1,6,1,1,8.6,HR
66,86,76,85,1,4,3,0,8.6,HR
94,86,64,75,1,6,2,1,8.6,HR
54,65,83,70,1,1,0,0,8.6,Teacher
84,76,59,83,1,6,1,1,8.6,Software
82,84,66,83,1,6,3,1,8.6,Software
86,84,55,86,1,5,3,1,8.6,Software
70,91,62,86,0,3,3,1,8.6,HR
72,94,74,76,0,4,2,1,8.6,Teacher
86,71,61,81,1,7,3,1,8.6,Software
89,70,67,78,1,4,4,1,8.6,Software
53,61,87,70,1,3,0,0,8.6,Teacher
66,93,72,76,1,6,2,0,8.6,HR
91,80,56,83,1,7,2,1,8.6,Software
80,70,69,75,1,5,1,1,8.6,Software
66,60,84,71,1,2,1,0,8.6,Teacher
94,75,61,78,1,4,4,1,8.6,Software
84,70,71,85,1,7,4,1,8.6,Software
74,86,64,76,1,4,2,1,8.6,HR
90,79,58,79,1,7,1,1,8.6,Software
69,85,73,85,1,4,3,0,8.6,HR
80,89,70,83,1,6,1,1,8.6,Software
76,87,74,82,1,6,3,1,8.6,HR
90,89,59,77,1,6,3,1,8.6,Software
84,89,57,79,1,5,3,1,8.6,Software
81,89,67,87,0,3,2,1,8.6,HR
51,63,81,73,0,2,1,1,8.6,Teacher
82,88,65,78,1,4,1,1,8.6,Software
74,87,71,80,1,6,3,1,8.6,HR
66,67,91,73,0,3,0,0,8.6,Teacher
70,84,70,83,0,5,1,0,8.6,HR
83,76,55,82,1,4,3,1,8.6,Software
84,82,62,89,1,6,1,1,8.6,Software
86,87,64,75,1,5,2,1,8.6,Software
92,89,73,81,1,5,4,1,8.6,Software
63,72,88,71,1,1,1,1,8.6,Teacher
91,73,67,75,1,6,4,1,8.6,Software
82,83,70,85,1,6,2,1,8.6,Software
70,86,69,82,1,3,1,1,8.6,HR
85,72,71,86,1,7,2,1,8.6,Software
53,68,85,73,1,2,1,0,8.6,HR
53,74,83,76,1,2,0,0,8.6,Teacher
93,81,57,85,1,4,3,1,8.6,Software
83,77,61,84,1,4,1,1,8.6,Software
81,92,70,88,0,3,2,1,8.6,HR
81,81,67,81,0,4,3,1,8.6,HR
82,93,72,81,1,4,3,1,8.6,HR
67,72,88,72,1,2,1,0,8.6,Teacher
81,82,69,79,1,7,4,1,8.6,Software
56,61,82,65,0,1,1,0,8.6,Software
58,77,80,72,1,3,0,0,8.6,Teacher
59,61,81,75,1,3,0,0,8.6,Teacher
81,84,79,87,0,3,2,0,8.6,HR
88,89,64,82,1,6,3,1,8.6,Software
94,74,67,77,1,4,2,1,8.6,Software
90,87,58,76,1,4,3,1,8.6,Software
83,93,62,78,1,4,3,1,8.6,HR
87,88,59,82,1,6,2,1,8.6,Software
61,67,85,79,1,3,0,1,8.6,Software
53,69,87,65,1,1,1,1,8.6,Teacher
88,77,60,78,1,6,1,1,8.6,Software
71,90,70,78,1,5,3,0,8.6,HR
52,66,80,76,0,3,1,0,8.6,Teacher
69,90,71,75,1,3,1,0,8.6,HR
63,75,89,77,1,2,0,0,8.6,Teacher
86,79,68,78,1,7,3,1,8.6,Software
57,62,91,77,0,3,1,0,8.6,Teacher
60,66,94,76,1,3,0,0,8.6,Teacher
75,87,74,83,0,3,1,0,8.6,HR
80,82,69,80,1,4,1,0,8.6,HR
53,68,80,71,0,2,0,0,8.6,Teacher
94,78,56,76,1,7,3,1,8.6,Software
94,76,69,81,1,4,2,1,8.6,Software
78,88,73,83,1,4,3,0,8.6,HR
52,74,90,75,0,1,0,0,8.6,Teacher
75,84,75,81,0,6,3,1,8.6,HR
62,69,80,78,0,1,0,0,8.6,Teacher
55,66,80,70,1,1,0,0,8.6,Teacher
82,83,70,88,1,4,1,1,8.6,Software
69,64,84,67,1,2,0,0,8.6,Software
90,76,74,87,1,6,1,1,8.6,Teacher
70,87,78,84,1,6,1,1,8.6,HR
64,63,82,78,1,3,1,1,8.6,Teacher
65,80,79,87,1,5,2,0,8.6,HR
85,75,60,83,1,5,3,1,8.6,Software
50,63,89,76,1,3,1,0,8.6,Teacher
94,82,68,81,1,5,4,1,8.6,Software
93,83,67,86,1,7,1,1,8.6,Software
75,88,66,87,1,3,1,0,8.6,HR
89,76,74,84,1,5,1,1,8.6,Software
72,82,73,81,1,3,3,0,8.6,HR
80,74,69,82,1,4,1,1,8.6,Software
75,91,66,75,1,6,1,1,8.6,HR
83,90,76,86,1,4,1,0,8.6,HR
67,66,82,77,0,3,0,1,8.6,Teacher
81,79,61,86,1,5,4,1,8.6,Software
68,65,91,72,0,2,1,0,8.6,Teacher
71,94,76,89,1,5,2,0,8.6,HR
63,74,87,77,0,1,1,1,8.6,Teacher
81,89,62,88,1,6,1,1,8.6,Software
50,65,90,68,1,3,0,0,8.6,Teacher
52,72,90,67,0,3,1,0,8.6,Teacher
85,72,67,89,1,4,2,1,8.6,Software
61,63,81,76,0,2,0,1,8.6,Teacher
88,84,58,87,1,5,3,1,8.6,Software
77,92,71,81,0,3,3,1,8.6,HR
90,79,71,77,1,7,4,1,8.6,Software
58,75,82,79,1,2,1,1,8.6,Teacher
87,76,65,80,1,4,4,1,8.6,Software
92,74,60,87,1,6,4,1,8.6,Software
91,73,71,79,1,7,1,1,8.6,Software
77,91,78,84,0,5,3,0,8.6,HR
94,76,65,81,1,4,4,1,8.6,Software
80,90,62,75,1,6,3,0,8.6,HR
69,61,92,73,1,3,1,1,8.6,Teacher
84,72,65,87,1,7,2,1,8.6,Software
92,76,65,77,1,6,1,1,8.6,Software
72,84,74,78,1,3,2,0,8.6,HR
73,90,75,88,1,4,2,0,8.6,HR
82,84,65,82,1,4,4,1,8.6,Software
76,86,60,89,0,4,2,0,8.6,HR
67,94,61,89,0,6,2,1,8.6,HR
56,70,83,71,0,2,1,0,8.6,Teacher
83,79,64,81,1,5,3,1,8.6,Software
92,79,74,88,1,7,1,1,8.6,Software
51,66,83,65,1,3,1,1,8.6,Teacher
67,74,84,70,0,3,1,0,8.6,Teacher
79,89,67,76,0,5,1,1,8.6,HR
75,82,63,79,0,3,2,1,8.6,HR
82,71,60,89,1,5,4,1,8.6,Software
84,92,70,84,0,5,2,1,8.6,HR
85,72,70,81,1,6,3,1,8.6,Software
71,81,60,78,0,6,1,1,8.6,HR
80,85,63,77,1,6,2,1,8.6,HR
66,65,90,66,0,3,0,0,8.6,Teacher
60,70,88,70,1,3,1,0,8.6,Teacher
90,85,55,86,1,7,4,1,8.6,Software
63,73,89,76,1,3,1,1,8.6,Teacher
94,89,61,83,1,5,4,1,8.6,Software
81,81,62,82,1,6,1,1,8.6,Software
59,75,81,68,1,2,1,1,8.6,Teacher
57,76,91,67,0,2,0,0,8.6,Teacher
89,82,57,87,1,5,4,1,8.6,Software
72,89,67,84,0,3,1,1,8.6,HR
50,66,80,67,1,1,1,0,8.6,Teacher
68,88,72,83,1,3,3,1,8.6,HR
90,73,55,82,1,6,2,1,8.6,Software
85,75,57,80,1,7,4,1,8.6,Software
79,88,63,85,0,5,1,0,8.6,HR
64,79,88,79,0,2,1,1,8.6,Teacher
77,91,60,89,0,6,1,0,8.6,HR
85,76,59,84,1,5,2,1,8.6,Software
68,94,61,83,0,4,3,1,8.6,HR
83,88,73,86,1,5,1,1,8.6,Software
66,83,65,75,1,5,2,0,8.6,HR
54,79,86,71,0,1,0,0,8.6,Teacher
94,79,64,84,1,6,1,1,8.6,Software
66,86,74,83,1,5,3,1,8.6,HR
73,80,69,85,1,5,1,1,8.6,HR
73,94,62,81,1,4,2,1,8.6,HR
78,90,67,89,0,5,2,1,8.6,HR
78,89,79,76,0,5,2,1,8.6,HR
86,79,69,79,1,6,2,1,8.6,Software
69,86,60,80,0,4,3,0,8.6,HR
71,93,75,89,1,4,3,0,8.6,HR
67,92,71,83,0,5,2,1,8.6,HR
66,68,84,73,0,3,0,0,8.6,Teacher
54,76,93,70,0,1,1,1,8.6,Teacher
69,83,65,86,0,5,1,0,8.6,HR
57,78,88,78,1,1,1,1,8.6,Teacher
66,63,83,78,1,1,0,1,8.6,Teacher
81,71,58,78,1,4,4,1,8.6,Software
59,72,91,68,0,2,1,1,8.6,Teacher
90,84,64,84,1,4,1,1,8.6,Software
72,80,74,77,1,4,2,1,8.6,HR
65,81,65,85,1,5,1,1,8.6,HR
51,67,80,71,1,2,1,1,8.6,Teacher
56,61,92,66,1,2,1,0,8.6,Teacher
81,89,62,83,1,5,2,0,8.6,HR
51,74,90,72,1,3,0,1,8.6,Teacher
86,83,69,76,1,6,3,1,8.6,Software
77,93,74,84,1,3,3,1,8.6,HR
69,70,82,72,1,2,0,1,8.6,Teacher
82,84,73,78,0,6,2,1,8.6,HR
80,87,67,79,1,6,2,1,8.6,Teacher
87,77,60,77,1,5,2,1,8.6,Software
75,82,72,75,1,4,2,1,8.6,HR
94,82,68,80,1,4,1,1,8.6,Software
74,82,64,84,0,3,3,1,8.6,HR
69,65,91,69,1,2,1,1,8.6,Teacher
57,78,94,78,1,2,0,0,8.6,Teacher
68,60,84,77,1,1,0,0,8.6,Teacher
84,71,71,78,1,6,1,1,8.6,Software
76,88,78,86,0,5,1,0,8.6,HR
67,74,94,68,1,3,0,1,8.6,Teacher
94,74,74,83,1,5,4,1,8.6,Software
74,90,64,83,0,5,3,1,8.6,HR
53,76,94,67,0,1,0,0,8.6,Teacher
89,72,62,85,1,5,3,1,8.6,Software
73,92,77,83,0,4,2,1,8.6,Software
85,88,69,88,1,7,4,1,8.6,Software
68,80,72,78,1,5,3,0,8.6,HR
56,68,89,69,0,1,1,0,8.6,HR
67,66,94,69,0,2,0,1,8.6,Teacher
85,77,59,84,1,5,2,1,8.6,Software
84,83,71,86,1,7,4,1,8.6,Software
65,62,81,74,0,2,0,0,8.6,Teacher
90,80,55,86,1,4,1,1,8.6,Software
83,89,64,85,1,6,1,1,8.6,HR
61,62,82,77,0,3,0,1,8.6,Software
57,76,88,70,1,3,0,1,8.6,Teacher
78,89,69,84,0,6,2,1,8.6,HR
93,87,65,89,1,4,4,1,8.6,HR
83,81,74,76,1,3,2,1,8.6,HR
51,66,91,71,1,1,0,1,8.6,Teacher
72,89,75,86,0,6,2,1,8.6,HR
67,87,74,75,1,6,3,1,8.6,HR
88,82,66,88,1,6,1,1,8.6,Software
84,73,69,81,1,6,1,1,8.6,Software
64,75,93,75,0,2,0,1,8.6,Teacher
91,87,66,85,1,6,2,1,8.6,Software
64,75,88,68,1,1,1,1,8.6,Teacher
79,93,68,87,0,5,3,1,8.6,HR
52,74,93,65,0,1,1,0,8.6,Teacher
50,64,85,78,0,2,1,0,8.6,Teacher
61,76,90,66,0,1,1,1,8.6,Teacher
94,74,59,78,1,5,4,1,8.6,Software
58,62,87,71,1,2,0,0,8.6,Teacher
68,84,68,86,1,5,3,0,8.6,Software
81,74,59,86,1,6,3,1,8.6,Software
89,71,62,82,1,4,1,1,8.6,Software
51,63,93,67,1,1,1,1,8.6,Teacher
83,77,58,79,1,5,1,1,8.6,Software
63,70,90,75,1,3,1,0,8.6,Teacher
74,90,72,77,0,3,1,1,8.6,HR
50,73,84,69,1,2,1,1,8.6,Teacher
51,60,86,70,1,2,1,1,8.6,Teacher
65,93,66,86,1,6,3,1,8.6,HR
77,86,79,78,1,3,2,0,8.6,HR
68,77,84,70,1,3,0,0,8.6,Teacher
69,81,69,81,1,6,3,0,8.6,HR
80,89,77,89,0,6,1,0,8.6,HR
68,78,81,67,0,3,1,1,8.6,Teacher
85,82,74,78,1,5,2,1,8.6,Software
59,64,93,73,1,3,1,1,8.6,Teacher
68,69,80,66,1,2,1,1,8.6,Teacher
94,86,72,80,1,5,1,1,8.6,Software
84,75,69,79,1,6,3,1,8.6,Software
67,77,88,66,1,2,0,1,8.6,Teacher
80,94,68,78,0,4,2,1,8.6,Teacher
81,88,74,78,1,6,1,1,8.6,Software
84,83,63,75,1,6,1,1,8.6,Software
72,85,63,78,1,6,2,0,8.6,HR
75,91,70,81,1,5,1,1,8.6,HR
67,72,80,72,1,3,0,1,8.6,Teacher
78,90,72,81,0,3,3,0,8.6,HR
68,81,76,77,0,6,3,1,8.6,HR
82,88,66,82,1,3,3,0,8.6,HR
79,80,70,75,0,5,3,0,8.6,HR
53,69,83,70,0,1,1,0,8.6,Teacher
71,81,76,87,0,3,1,0,8.6,HR
57,68,80,70,0,3,1,0,8.6,Teacher
63,63,87,72,1,1,0,1,8.6,Teacher
88,71,67,79,1,7,3,1,8.6,Software
58,71,81,72,0,2,0,0,8.6,Teacher
57,73,80,77,0,1,1,1,8.6,Teacher
55,62,81,69,0,1,1,0,8.6,Software
51,67,90,69,1,1,1,1,8.6,Teacher
66,79,80,77,1,2,0,1,8.6,Teacher
66,86,69,85,0,4,1,0,8.6,HR
59,73,91,77,0,2,0,1,8.6,Teacher
66,87,75,86,1,6,2,0,8.6,HR
84,88,64,81,0,4,2,0,8.6,HR
54,72,87,72,0,1,0,0,8.6,Teacher
65,92,61,81,1,5,3,0,8.6,HR
77,86,78,78,0,5,3,1,8.6,HR
88,83,68,84,1,7,2,1,8.6,Software
74,80,67,80,1,6,1,0,8.6,HR
53,64,89,70,1,3,1,1,8.6,Teacher
92,75,55,79,1,4,4,1,8.6,Software
64,72,88,74,0,2,0,0,8.6,Teacher
67,83,64,88,0,6,1,1,8.6,HR
78,92,72,77,1,4,3,1,8.6,Software
88,78,69,75,1,6,2,1,8.6,Software
75,94,69,88,1,5,1,1,8.6,HR
86,79,72,89,1,5,2,1,8.6,Software
79,83,67,76,1,3,2,0,8.6,HR
80,86,56,87,1,5,3,1,8.6,Software
78,94,71,77,1,6,2,1,8.6,HR
91,86,72,88,1,6,2,1,8.6,Software
52,60,86,73,1,3,1,1,8.6,Teacher
73,94,69,82,1,3,1,1,8.6,HR
81,78,63,77,1,4,2,1,8.6,Software
80,92,61,78,1,3,1,0,8.6,HR
63,69,86,68,0,3,0,0,8.6,Teacher
81,82,61,82,0,3,2,1,8.6,HR
67,72,87,68,0,2,1,0,8.6,Teacher
67,64,88,65,0,2,0,0,8.6,Teacher
77,88,61,82,1,3,2,1,8.6,HR
93,86,55,83,1,7,3,1,8.6,Software
65,73,90,78,1,3,1,0,8.6,Teacher
82,87,68,84,1,4,1,1,8.6,Software
50,77,83,68,1,1,1,1,8.6,Teacher
69,87,63,77,0,3,2,0,8.6,HR
83,78,74,89,1,7,1,1,8.6,Software
66,81,64,78,1,4,2,0,8.6,HR
82,84,73,89,1,7,2,1,8.6,Software
71,87,65,88,1,5,2,1,8.6,HR
93,87,68,79,1,4,2,1,8.6,Software
64,79,85,67,1,1,1,1,8.6,Teacher
69,63,88,68,1,1,0,0,8.6,Teacher
71,93,71,75,0,3,3,0,8.6,HR
75,81,72,79,1,6,3,1,8.6,HR
63,75,85,66,0,3,0,1,8.6,Teacher
75,90,68,86,1,5,1,0,8.6,HR
94,79,71,80,1,5,2,1,8.6,Software
83,82,60,84,1,7,2,1,8.6,Software
74,86,62,76,0,6,1,1,8.6,HR
84,85,71,82,1,6,4,1,8.6,Software
69,68,83,79,1,3,0,0,8.6,Teacher
93,75,74,82,1,5,2,1,8.6,Software
71,92,73,78,1,3,1,1,8.6,HR
69,86,79,87,0,5,3,1,8.6,Software
55,70,84,76,0,3,0,0,8.6,Teacher
69,85,77,80,1,5,2,1,8.6,HR
82,93,71,84,0,3,1,0,8.6,HR
85,71,60,88,1,6,4,1,8.6,Software
90,71,73,89,1,6,1,1,8.6,Software
82,74,62,82,1,5,4,1,8.6,Software
67,71,92,68,0,2,0,0,8.6,Teacher
65,79,90,76,0,2,0,1,8.6,Teacher
69,63,84,77,0,2,0,1,8.6,Teacher
76,89,76,78,0,4,1,0,8.6,HR
52,71,83,72,1,2,1,0,8.6,Teacher
92,71,71,79,1,7,3,1,8.6,Software
69,93,69,76,0,5,2,1,8.6,HR
68,91,67,76,0,3,2,1,8.6,HR
65,79,93,78,0,1,0,1,8.6,Teacher
83,86,62,82,0,3,2,1,8.6,HR
86,77,67,75,1,7,4,1,8.6,Software
71,87,68,76,0,4,3,1,8.6,HR
68,63,90,79,0,2,0,1,8.6,Teacher
69,60,85,69,1,3,1,1,8.6,Teacher
60,75,80,78,1,2,1,1,8.6,Teacher
94,84,66,89,1,4,1,1,8.6,Software
63,65,93,76,1,2,1,1,8.6,Teacher
69,83,77,83,1,6,3,0,8.6,HR
84,74,58,88,1,7,1,1,8.6,Software
67,89,71,79,0,5,1,1,8.6,Software
64,70,88,75,0,3,0,1,8.6,Teacher
63,67,80,68,1,2,1,1,8.6,Teacher
65,63,90,71,1,2,1,1,8.6,Teacher
80,87,75,77,0,3,3,1,8.6,HR
56,72,85,77,1,2,1,1,8.6,Teacher
82,84,77,75,1,5,3,0,8.6,HR
84,91,61,78,1,6,1,1,8.6,HR
84,74,58,80,1,5,3,1,8.6,Software
89,87,70,87,1,7,3,1,8.6,Software
58,65,85,68,1,3,0,1,8.6,Teacher
57,70,94,70,1,1,0,0,8.6,Teacher
93,74,70,80,1,6,4,1,8.6,Software
90,78,55,82,1,6,2,1,8.6,Software
83,78,70,81,1,6,4,1,8.6,Software
88,88,55,85,1,5,2,1,8.6,Software
60,67,85,67,1,2,0,1,8.6,Teacher
79,92,65,86,0,6,2,1,8.6,HR
87,72,73,80,1,7,2,1,8.6,Software
84,92,72,89,1,6,1,0,8.6,HR
92,75,55,82,1,7,1,1,8.6,Software
66,94,73,76,0,5,1,1,8.6,HR
54,73,89,69,0,1,0,1,8.6,Teacher
80,91,76,89,1,5,3,1,8.6,HR
75,81,77,84,0,4,1,1,8.6,HR
83,84,71,85,1,6,3,1,8.6,Software
68,78,89,70,0,2,0,1,8.6,Software
50,78,81,76,0,1,1,0,8.6,Teacher
87,79,63,85,1,6,4,1,8.6,Software
94,72,60,89,1,6,2,1,8.6,Software
74,90,68,85,1,3,3,1,8.6,HR
83,85,62,78,1,6,4,1,8.6,Software
83,81,57,75,1,5,4,1,8.6,Software
94,84,55,78,1,5,3,1,8.6,Software
84,91,71,83,0,6,1,1,8.6,HR
70,92,78,87,0,4,2,0,8.6,HR
53,64,86,70,1,2,1,1,8.6,Teacher
89,80,61,87,1,4,1,1,8.6,Software
52,77,89,79,1,2,1,0,8.6,Teacher
93,73,71,83,1,5,4,1,8.6,Software
91,74,58,89,1,6,4,1,8.6,Software
77,85,76,86,0,5,2,0,8.6,HR
86,79,74,85,1,7,3,1,8.6,Software
89,79,56,77,1,4,3,1,8.6,Software
57,66,81,74,1,3,1,0,8.6,Teacher
78,93,61,88,1,3,3,0,8.6,HR
69,93,65,81,1,6,2,1,8.6,HR
66,76,84,66,1,2,0,0,8.6,Teacher
63,71,81,68,0,2,0,0,8.6,Teacher
65,72,91,70,1,2,0,0,8.6,Teacher
94,71,68,79,1,7,3,1,8.6,Software
93,85,70,89,1,6,2,1,8.6,Software
91,74,67,84,1,7,2,1,8.6,Software
65,91,78,84,1,3,3,0,8.6,HR
81,71,67,80,1,6,4,1,8.6,Software
67,79,91,71,0,1,1,0,8.6,Teacher
85,87,64,82,1,6,1,1,8.6,Software
79,89,68,85,1,3,1,0,8.6,HR
93,79,59,86,1,5,2,1,8.6,Software
61,75,88,79,0,1,0,1,8.6,Teacher
92,82,65,88,1,4,2,1,8.6,Software
84,85,65,86,1,4,4,1,8.6,Software
94,84,66,82,1,7,2,1,8.6,Software
60,78,91,75,1,3,0,0,8.6,Teacher
94,74,59,81,1,5,1,1,8.6,Software
65,66,82,66,1,2,0,0,8.6,Teacher
59,67,93,68,1,2,1,0,8.6,HR
81,85,61,87,1,4,1,1,8.6,Software
89,80,72,89,1,4,3,1,8.6,Software
93,88,63,79,1,4,2,1,8.6,Software
81,88,71,89,1,7,2,1,8.6,Software
91,71,62,86,1,4,4,1,8.6,Teacher
80,74,63,88,1,4,1,1,8.6,Software
74,88,73,77,1,6,3,1,8.6,HR
78,94,65,89,0,4,3,1,8.6,HR
85,75,60,88,1,5,3,1,8.6,Software
63,79,81,76,1,2,0,1,8.6,Teacher
51,63,84,65,1,2,1,0,8.6,Teacher
56,72,92,79,0,1,0,0,8.6,Teacher
85,74,70,85,1,4,1,1,8.6,Software
81,85,74,82,0,4,2,0,8.6,HR
84,81,68,85,1,6,2,1,8.6,Software
83,77,56,87,1,7,1,1,8.6,Software
91,73,68,79,1,7,1,1,8.6,Software
80,82,71,81,1,5,2,1,8.6,HR
64,61,85,69,0,1,0,1,8.6,Teacher
79,86,66,84,1,3,1,1,8.6,HR
83,86,61,76,1,7,2,1,8.6,Software
89,77,60,88,1,6,3,1,8.6,Software
85,76,72,83,1,6,2,1,8.6,Software
81,83,67,85,0,5,1,1,8.6,HR
78,90,69,85,0,4,2,0,8.6,HR
63,68,85,65,0,1,0,1,8.6,Teacher
83,83,69,76,1,7,2,1,8.6,Software
50,77,87,72,1,2,0,0,8.6,Teacher
83,83,68,75,1,7,3,1,8.6,Software
67,60,81,75,1,2,0,1,8.6,Teacher
51,71,87,73,1,2,0,1,8.6,Teacher
54,64,89,69,1,3,1,0,8.6,Teacher
70,89,75,78,1,4,1,1,8.6,HR
90,76,71,86,1,7,1,1,8.6,Software
84,81,64,76,1,7,1,1,8.6,Software
60,77,86,67,0,3,1,0,8.6,Teacher
59,79,89,79,1,3,1,1,8.6,Teacher
67,89,66,87,1,4,2,0,8.6,HR
65,64,87,78,0,3,1,1,8.6,Teacher
77,90,78,87,1,3,1,1,8.6,HR
86,80,66,88,1,4,4,1,8.6,Software
66,81,75,76,1,4,3,0,8.6,HR
84,89,66,81,0,6,3,1,8.6,HR
71,94,64,80,0,5,3,1,8.6,HR
82,72,57,76,1,5,2,1,8.6,Software
60,61,85,66,1,1,1,1,8.6,Teacher
55,73,81,75,1,3,0,1,8.6,Teacher
65,61,80,75,1,3,0,1,8.6,Teacher
52,79,94,78,0,2,0,1,8.6,Teacher
85,70,69,85,1,5,4,1,8.6,Software
66,72,81,68,1,2,0,1,8.6,Teacher
65,76,87,73,0,1,1,0,8.6,Teacher
83,92,70,78,0,3,1,0,8.6,HR
72,81,74,81,0,3,2,1,8.6,HR
77,90,62,82,1,3,3,1,8.6,HR
75,84,67,79,0,4,1,0,8.6,HR
88,89,70,79,1,4,2,1,8.6,Software
81,87,68,82,1,4,1,1,8.6,Software
83,78,63,87,1,5,1,1,8.6,Software
50,74,92,66,1,2,0,0,8.6,Teacher
80,72,61,83,1,4,4,1,8.6,Software
84,80,78,84,1,3,2,1,8.6,HR
85,72,69,81,1,4,2,1,8.6,Software
66,61,88,78,0,1,0,0,8.6,Teacher
56,67,91,77,0,1,0,1,8.6,Software
63,74,86,77,0,3,0,1,8.6,HR
80,87,66,80,1,4,1,1,8.6,HR
83,91,67,88,1,6,1,1,8.6,HR
77,80,65,87,0,4,3,1,8.6,HR
88,87,60,86,1,6,3,1,8.6,Software
80,81,67,84,1,5,3,1,8.6,HR
51,64,92,65,1,2,1,0,8.6,Teacher
73,91,78,86,0,6,2,1,8.6,HR
72,90,61,79,1,3,3,1,8.6,HR
89,81,62,79,1,4,3,1,8.6,Software
91,88,61,86,1,5,1,1,8.6,Software
86,71,61,79,1,7,4,1,8.6,Software
84,82,74,85,1,4,1,1,8.6,HR
90,76,67,77,1,4,4,1,8.6,Software
92,75,60,79,1,6,1,1,8.6,Software
78,84,72,84,1,3,3,1,8.6,HR
77,80,62,82,1,5,1,1,8.6,HR
88,73,70,86,1,4,4,1,8.6,Software
91,87,56,77,1,7,2,1,8.6,Software
54,70,92,67,0,3,0,0,8.6,Teacher
55,60,85,72,1,3,0,1,8.6,Teacher
63,75,81,74,1,3,0,0,8.6,Teacher
81,89,56,83,1,7,1,1,8.6,Software
58,62,89,75,0,1,0,0,8.6,Teacher
59,64,84,69,0,1,0,1,8.6,Teacher
82,71,74,79,1,6,2,1,8.6,Software
73,91,69,77,0,6,3,0,8.6,HR
74,88,72,83,1,5,1,0,8.6,HR
67,79,84,66,1,1,0,0,8.6,Teacher
88,80,72,85,1,4,2,1,8.6,Software
62,71,81,76,1,1,0,0,8.6,Teacher
58,76,92,77,0,3,1,1,8.6,Teacher
84,73,59,81,1,4,1,1,8.6,Software
54,73,81,77,0,3,0,0,8.6,Teacher
92,88,66,82,1,5,4,1,8.6,Software
83,72,74,80,1,6,3,1,8.6,Software
74,82,77,79,1,5,2,0,8.6,HR
85,89,63,80,1,7,4,1,8.6,Software
66,77,82,65,1,1,1,1,8.6,HR
77,82,62,84,1,5,2,1,8.6,HR
93,82,56,78,1,7,2,1,8.6,Software
85,83,59,89,1,4,2,1,8.6,Software
90,75,68,77,1,5,4,1,8.6,Software
69,86,73,76,1,3,2,0,8.6,HR
94,81,69,84,1,4,3,1,8.6,Software
93,71,60,86,1,5,3,1,8.6,Software
71,88,77,81,1,4,2,1,8.6,HR
76,83,73,79,1,6,3,0,8.6,HR
69,65,89,74,0,1,0,1,8.6,Teacher
56,69,88,66,1,2,0,0,8.6,Teacher
89,72,56,88,1,6,3,1,8.6,Software
79,81,73,77,1,3,3,0,8.6,HR
83,86,67,75,1,4,4,1,8.6,Software
77,94,61,81,0,3,3,1,8.6,HR
69,93,67,84,1,3,2,0,8.6,HR
93,72,73,76,1,5,2,1,8.6,Software
80,71,70,85,1,5,2,1,8.6,Software
93,72,73,86,1,4,3,1,8.6,Software
76,83,76,75,1,3,1,0,8.6,Software
67,60,80,71,0,1,1,1,8.6,Teacher
92,84,74,76,1,7,4,1,8.6,Software
77,83,60,82,1,4,2,1,8.6,HR
81,86,65,79,1,5,4,1,8.6,Software
71,92,78,89,1,5,1,0,8.6,HR
93,81,74,82,1,4,4,1,8.6,Software
65,91,67,84,0,5,1,1,8.6,HR
68,71,94,79,1,1,0,0,8.6,Teacher
67,66,92,65,0,2,1,0,8.6,Teacher
61,68,88,66,1,1,0,0,8.6,Teacher
77,93,70,77,1,6,2,0,8.6,HR
68,83,63,84,0,6,3,0,8.6,HR
72,80,65,84,0,3,2,0,8.6,HR
56,75,82,77,0,3,0,1,8.6,Teacher
76,84,78,81,0,4,1,1,8.6,HR
81,86,71,86,1,7,4,1,8.6,Software
54,60,84,75,0,2,0,1,8.6,Teacher
71,85,69,79,0,3,2,1,8.6,HR
81,79,73,84,1,4,4,1,8.6,Software
68,91,66,85,1,3,1,1,8.6,HR
74,93,69,78,1,5,1,0,8.6,HR
62,71,84,73,0,2,0,0,8.6,HR
57,62,81,73,1,3,1,1,8.6,Teacher
55,72,94,75,1,3,0,0,8.6,Teacher
51,61,92,76,0,1,1,0,8.6,Teacher
72,93,65,81,0,6,1,0,8.6,HR
89,76,57,81,1,7,2,1,8.6,Software
52,76,85,67,0,2,1,1,8.6,Teacher
93,89,67,77,1,5,2,1,8.6,Software
63,66,80,74,0,2,0,1,8.6,Teacher
78,83,76,89,1,3,1,0,8.6,Software
68,61,87,71,1,2,0,0,8.6,Teacher
65,63,82,77,0,3,0,1,8.6,Teacher
90,89,71,85,1,7,1,1,8.6,Software
66,82,73,82,0,3,1,1,8.6,HR
73,93,75,89,1,5,3,0,8.6,HR
68,72,85,79,1,3,0,0,8.6,Teacher
56,69,89,75,1,1,0,0,8.6,Teacher
71,93,63,75,0,6,1,0,8.6,HR
59,79,83,74,0,1,0,0,8.6,Teacher
53,74,89,71,1,3,1,0,8.6,Teacher
91,86,62,79,1,4,4,1,8.6,Software
81,80,71,87,1,5,2,0,8.6,HR
71,85,73,76,1,3,1,0,8.6,HR
84,75,66,86,1,7,2,1,8.6,Software
94,76,60,78,1,6,1,1,8.6,Software
60,70,88,70,1,2,1,0,8.6,Teacher
81,74,60,86,1,5,2,1,8.6,Software
58,66,93,76,1,1,0,1,8.6,Teacher
67,93,66,85,0,4,2,1,8.6,HR
68,91,74,84,1,5,2,1,8.6,HR
76,82,67,81,1,4,2,1,8.6,HR
79,87,63,83,0,3,2,0,8.6,HR
93,86,59,84,1,6,2,1,8.6,Software
77,85,64,76,1,4,2,1,8.6,HR
82,86,70,76,1,5,1,0,8.6,Teacher
94,85,67,85,1,4,2,1,8.6,Software
88,75,69,89,1,6,3,1,8.6,Teacher
50,60,82,70,1,2,1,0,8.6,Teacher
59,68,85,65,0,2,0,0,8.6,Teacher
64,72,91,66,1,3,1,0,8.6,Teacher
84,79,62,86,1,4,4,1,8.6,Software
83,85,61,81,1,5,2,1,8.6,Software
92,73,60,80,1,7,1,1,8.6,Software
50,79,81,68,1,1,0,0,8.6,Teacher
80,78,67,83,1,5,3,1,8.6,Software
63,68,88,65,0,2,1,1,8.6,Teacher
83,74,57,78,1,4,1,1,8.6,Software
57,71,85,76,1,3,0,0,8.6,Teacher
68,75,82,78,0,3,1,1,8.6,Teacher
74,92,76,85,1,3,2,1,8.6,HR
51,68,85,79,0,2,0,0,8.6,Teacher
92,80,60,77,1,4,1,1,8.6,HR
63,76,92,76,1,3,0,1,8.6,Teacher
59,61,94,70,1,2,0,1,8.6,Teacher
90,83,66,89,1,5,4,1,8.6,HR
78,84,71,84,1,4,3,0,8.6,HR
89,75,65,75,1,4,2,1,8.6,Software
65,71,88,78,1,2,0,1,8.6,Teacher
67,65,81,68,1,3,1,1,8.6,Teacher
56,65,91,66,1,2,1,1,8.6,Teacher
65,74,82,77,1,3,1,1,8.6,Teacher
92,83,67,85,1,7,3,1,8.6,Teacher
93,71,61,80,1,4,1,1,8.6,Software
68,63,83,72,0,1,0,0,8.6,Teacher
80,86,78,85,0,3,1,1,8.6,HR
69,67,87,67,0,3,0,1,8.6,Teacher
60,77,84,65,0,1,1,0,8.6,HR
81,73,72,79,1,6,2,1,8.6,Software
60,66,81,77,0,3,0,1,8.6,Teacher
89,73,71,82,1,6,1,1,8.6,Software
81,89,70,83,1,4,2,1,8.6,Software
69,62,93,73,0,2,1,0,8.6,Teacher
51,71,91,66,1,2,0,1,8.6,Teacher
71,86,73,88,1,3,1,1,8.6,HR
55,74,81,72,0,3,1,0,8.6,Teacher
59,67,87,77,1,3,1,1,8.6,Teacher
56,74,83,65,0,3,1,1,8.6,Teacher
89,72,70,81,1,7,3,1,8.6,Software
69,85,70,82,0,6,2,1,8.6,HR
84,75,70,76,1,4,3,1,8.6,Software
52,60,82,73,0,3,0,1,8.6,Teacher
54,79,86,68,1,2,1,0,8.6,Teacher
58,61,90,71,0,1,1,1,8.6,Teacher
80,76,65,85,1,6,4,1,8.6,Software
86,72,60,79,1,4,3,1,8.6,Software
69,70,86,78,1,3,0,1,8.6,Teacher
87,88,57,89,1,5,2,1,8.6,Software
74,91,69,84,0,5,2,0,8.6,HR
87,82,61,86,1,7,4,1,8.6,Software
67,66,84,79,0,3,0,1,8.6,Teacher
90,89,69,77,1,6,3,1,8.6,Software
54,63,93,74,0,2,1,0,8.6,Teacher
84,85,55,77,1,4,3,1,8.6,Software
94,75,57,80,1,6,4,1,8.6,Software
69,86,78,78,1,4,3,1,8.6,HR
83,83,65,75,0,3,1,1,8.6,HR
88,87,66,81,1,5,3,1,8.6,Software
93,87,61,78,1,6,2,1,8.6,Software
82,87,63,89,1,5,4,1,8.6,Software
93,70,65,79,1,4,1,1,8.6,Software
61,74,87,79,0,1,0,1,8.6,HR
71,89,78,89,1,4,1,1,8.6,HR
79,88,73,85,0,5,2,1,8.6,HR
70,83,77,79,1,3,3,0,8.6,HR
78,91,77,80,1,4,1,1,8.6,HR
73,85,61,84,1,4,2,0,8.6,HR
91,83,58,79,1,7,2,1,8.6,Software
80,76,70,75,1,6,4,1,8.6,Software
50,67,84,65,1,1,1,1,8.6,Teacher
67,65,89,68,0,1,1,1,8.6,Teacher
63,71,92,78,0,3,0,0,8.6,Teacher
81,90,62,81,1,5,2,1,8.6,HR
68,94,65,84,1,6,2,0,8.6,HR
85,75,74,89,1,6,1,1,8.6,Software
85,80,64,76,1,4,1,1,8.6,Software
79,83,71,85,0,4,1,1,8.6,HR
93,86,73,75,1,4,1,1,8.6,Software
71,82,79,80,0,5,3,0,8.6,HR
52,63,85,69,1,1,1,0,8.6,Teacher
62,67,85,69,0,2,0,0,8.6,Teacher
93,85,59,77,1,6,2,1,8.6,Software
73,86,71,86,1,6,2,1,8.6,HR
72,90,67,80,1,5,1,0,8.6,HR
92,83,57,76,1,4,4,1,8.6,Software
55,65,89,79,1,1,1,0,8.6,Teacher
72,92,70,87,1,6,2,0,8.6,HR
87,70,61,89,1,4,2,1,8.6,Software
70,85,60,79,0,6,3,0,8.6,HR
81,81,70,88,1,3,2,1,8.6,HR
76,86,63,81,1,5,1,1,8.6,HR
80,88,69,79,1,6,4,1,8.6,Software
59,65,85,70,1,1,1,0,8.6,Teacher
94,71,56,87,1,6,1,1,8.6,Software
86,88,67,84,1,7,4,1,8.6,Software
60,77,91,72,1,3,1,1,8.6,Teacher
86,84,73,86,1,7,2,1,8.6,Software
92,81,57,87,1,7,2,1,8.6,Software
74,81,71,78,1,3,1,0,8.6,HR
72,87,68,88,1,3,1,1,8.6,HR
90,79,73,88,1,4,3,1,8.6,Software
55,67,94,66,1,1,1,1,8.6,Teacher
89,78,57,85,1,7,3,1,8.6,Software
84,91,64,86,0,5,1,1,8.6,HR
84,86,63,76,1,6,2,1,8.6,HR
79,84,75,87,1,3,2,0,8.6,HR
69,93,64,89,0,3,3,1,8.6,HR
91,74,64,84,1,4,1,1,8.6,Software
66,67,82,69,0,3,1,1,8.6,Teacher
70,80,72,77,0,5,2,0,8.6,HR
68,71,90,75,1,1,1,0,8.6,Teacher
74,94,67,87,1,6,3,1,8.6,HR
92,72,65,75,1,6,3,1,8.6,Software
71,85,75,75,1,5,3,1,8.6,HR
53,76,89,77,0,1,0,0,8.6,Teacher
65,73,93,75,1,3,0,0,8.6,Teacher
57,73,86,71,0,3,1,0,8.6,Teacher
83,83,66,78,0,3,3,1,8.6,HR
54,62,85,78,0,1,1,1,8.6,Teacher
85,85,71,85,1,7,3,1,8.6,Software
52,71,92,65,0,1,1,1,8.6,Teacher
81,92,64,79,1,4,3,1,8.6,HR
52,70,88,74,1,1,0,1,8.6,Teacher
86,84,56,86,1,6,2,1,8.6,Software
81,78,67,89,1,6,3,1,8.6,HR
84,83,65,83,1,3,3,0,8.6,HR
83,94,62,82,0,3,2,1,8.6,HR
80,89,63,88,1,5,4,1,8.6,Software
57,79,90,72,1,1,0,1,8.6,Teacher
71,92,72,82,0,6,2,1,8.6,HR
65,77,81,77,0,3,0,1,8.6,Teacher
85,86,59,80,1,5,4,1,8.6,Software
59,64,88,67,0,1,1,0,8.6,Teacher
80,85,64,75,1,5,3,1,8.6,Software
74,80,78,86,0,5,2,0,8.6,HR
68,62,89,66,1,1,0,1,8.6,Teacher
77,81,77,82,0,4,3,0,8.6,HR
85,76,61,75,1,5,1,1,8.6,Software
92,80,61,76,1,7,4,1,8.6,Software
56,73,94,74,0,3,0,0,8.6,Teacher
69,88,73,88,1,4,2,0,8.6,HR
82,70,66,77,1,7,3,1,8.6,Software
66,82,75,88,1,4,3,1,8.6,HR
93,86,70,78,1,5,4,1,8.6,Software
94,78,56,83,1,7,3,1,8.6,Software
93,83,69,88,1,6,2,1,8.6,Software
58,66,88,71,1,3,1,0,8.6,Teacher
77,83,75,84,0,6,1,1,8.6,HR
82,90,77,82,0,5,1,1,8.6,HR
54,78,88,73,1,3,0,0,8.6,Teacher
90,74,58,79,1,7,3,1,8.6,Software
51,66,92,67,0,1,1,0,8.6,HR
86,80,74,76,1,6,2,1,8.6,Software
73,81,78,84,1,6,1,0,8.6,HR
88,84,74,82,1,5,3,1,8.6,Software
65,70,86,73,0,1,1,0,8.6,Teacher
86,83,67,84,1,6,2,1,8.6,Software
84,83,70,82,1,5,1,1,8.6,Software
65,60,90,75,0,1,0,0,8.6,Teacher
58,66,92,74,1,2,0,1,8.6,Teacher
85,71,58,79,1,5,1,1,8.6,Software
81,84,67,81,1,7,1,1,8.6,Teacher
50,70,89,67,0,3,0,1,8.6,Teacher
82,89,72,84,1,7,4,1,8.6,Software
56,72,94,76,0,3,0,1,8.6,Teacher
84,82,61,81,1,4,4,1,8.6,Software
66,65,81,65,1,2,0,1,8.6,Teacher
70,81,76,79,1,6,3,1,8.6,HR
66,62,93,75,0,1,0,0,8.6,Teacher
74,82,79,87,1,6,3,1,8.6,HR
56,77,83,65,0,3,0,0,8.6,Teacher
50,60,82,73,0,2,0,1,8.6,Teacher
81,72,70,78,1,4,2,1,8.6,Software
61,70,90,65,1,1,0,0,8.6,Teacher
78,93,62,77,1,6,3,0,8.6,HR
65,91,69,89,0,3,1,0,8.6,HR
50,71,88,66,0,1,0,1,8.6,Teacher
84,83,61,85,1,3,2,0,8.6,HR
52,60,87,65,0,2,0,1,8.6,Teacher
71,94,76,78,0,4,1,0,8.6,HR
68,81,67,76,0,6,2,1,8.6,HR
63,62,92,73,0,2,0,1,8.6,Teacher
60,75,90,77,1,2,0,0,8.6,Teacher
82,77,73,76,1,5,1,1,8.6,Software
80,88,61,81,1,4,3,1,8.6,Software
60,66,83,77,1,3,1,1,8.6,Teacher
83,83,68,89,1,6,3,0,8.6,HR
64,76,81,71,0,3,1,0,8.6,Teacher
84,86,72,79,0,4,1,1,8.6,HR
70,82,71,84,0,5,2,0,8.6,HR
73,83,76,75,0,4,2,1,8.6,HR
94,79,71,75,1,6,1,1,8.6,Software
74,92,69,80,1,3,1,1,8.6,HR
84,82,61,89,1,7,3,1,8.6,Software
82,94,60,83,1,5,1,0,8.6,HR
71,85,76,75,1,4,2,1,8.6,Software
76,91,65,77,1,5,1,0,8.6,HR
68,81,63,88,0,3,3,1,8.6,HR
90,71,62,81,1,4,1,1,8.6,Software
66,80,69,83,0,4,2,0,8.6,HR
83,87,65,83,1,4,4,1,8.6,Software
70,90,63,84,1,4,3,0,8.6,HR
51,77,88,70,0,1,0,1,8.6,Teacher
82,75,67,75,1,4,1,1,8.6,Software
65,82,66,78,1,6,3,0,8.6,HR
64,72,81,79,0,3,0,0,8.6,Teacher
71,89,66,84,1,4,1,1,8.6,Software
67,84,71,78,1,4,1,1,8.6,HR
85,72,55,76,1,4,1,1,8.6,Software
66,88,72,80,1,6,2,1,8.6,HR
69,83,61,80,1,6,2,1,8.6,HR
69,85,61,80,0,3,1,1,8.6,HR
81,76,57,89,1,7,3,1,8.6,Software
52,71,82,68,0,1,1,1,8.6,Teacher
73,85,64,78,0,3,1,1,8.6,HR
69,81,63,75,1,6,2,1,8.6,HR
87,71,68,80,1,6,4,1,8.6,Software
86,74,57,86,1,7,2,1,8.6,Software
69,60,80,65,0,1,0,1,8.6,Teacher
61,79,94,71,1,1,0,0,8.6,Software
73,83,71,84,0,5,1,1,8.6,HR
61,70,94,65,1,2,1,1,8.6,Teacher
51,66,84,79,0,1,0,0,8.6,Teacher
82,75,66,86,1,4,4,1,8.6,Software
66,74,86,72,1,1,1,1,8.6,Teacher
83,87,69,76,1,6,3,1,8.6,Software
83,82,71,77,0,4,1,0,8.6,HR
74,89,60,87,0,5,3,0,8.6,HR
68,60,84,75,1,2,1,0,8.6,Teacher
64,62,93,74,0,3,0,0,8.6,Teacher
60,69,93,78,0,1,0,0,8.6,Teacher
79,91,76,86,1,4,1,0,8.6,HR
87,77,65,83,1,4,2,1,8.6,Software
93,73,71,84,1,6,3,1,8.6,Software
75,80,77,77,1,4,1,0,8.6,HR
93,88,59,75,1,6,3,1,8.6,Software
83,71,58,77,1,4,3,1,8.6,Software
77,84,71,87,0,5,3,1,8.6,HR
83,93,64,83,1,5,2,0,8.6,HR
81,85,60,82,1,6,4,1,8.6,Software
81,87,72,85,1,4,3,1,8.6,HR
64,64,87,78,0,3,0,1,8.6,Teacher
67,79,85,73,0,3,1,0,8.6,Teacher
67,71,88,75,0,2,0,0,8.6,Teacher
79,94,78,78,0,4,2,0,8.6,HR
92,87,74,78,1,5,1,1,8.6,Software
61,65,83,77,1,2,1,0,8.6,Teacher
66,77,88,74,0,3,0,0,8.6,Teacher
81,94,61,83,1,4,3,1,8.6,HR
79,82,69,83,0,5,1,1,8.6,HR
78,91,72,78,0,5,2,1,8.6,HR
87,79,74,83,1,6,3,1,8.6,Software
60,71,85,73,1,3,1,1,8.6,Teacher
91,71,59,76,1,6,2,1,8.6,Software
53,78,83,65,1,1,1,0,8.6,Teacher
83,74,60,89,1,5,4,1,8.6,Software
54,70,85,66,1,1,1,1,8.6,Teacher
65,60,85,73,1,1,0,1,8.6,Teacher
94,74,70,86,1,6,2,1,8.6,Software
94,80,70,82,1,7,4,1,8.6,Software
85,79,69,80,1,4,2,1,8.6,Software
86,74,57,87,1,6,3,1,8.6,Software
94,77,55,88,1,6,3,1,8.6,Software
94,77,58,76,1,5,1,1,8.6,HR
92,70,55,88,1,4,4,1,8.6,Software
81,79,62,86,1,7,2,1,8.6,Software
58,79,88,66,0,1,0,0,8.6,HR
65,83,66,82,0,6,2,1,8.6,HR
84,88,72,76,0,3,1,1,8.6,HR
62,68,85,70,1,1,1,1,8.6,Teacher
84,80,70,84,1,5,2,1,8.6,HR
68,87,62,80,0,4,2,1,8.6,HR
66,93,63,81,1,3,2,0,8.6,HR
66,92,75,77,1,4,3,0,8.6,HR
82,77,64,85,1,7,1,1,8.6,Software
89,86,70,81,1,7,3,1,8.6,Software
81,80,72,87,0,5,1,1,8.6,HR
80,92,76,83,1,3,2,0,8.6,HR
90,73,65,81,1,5,2,1,8.6,Software
67,94,61,83,0,3,2,1,8.6,HR
61,61,90,69,1,2,0,0,8.6,Teacher
75,94,71,77,0,5,3,1,8.6,HR
68,81,77,87,0,3,2,0,8.6,HR
69,71,80,75,1,2,1,1,8.6,HR
80,72,64,86,1,7,4,1,8.6,Software
62,75,94,76,0,3,0,1,8.6,Teacher
82,79,71,88,1,7,1,1,8.6,Software
84,88,67,85,1,5,3,1,8.6,HR
67,76,90,76,1,1,0,0,8.6,Teacher
76,80,79,86,0,5,1,0,8.6,HR
55,71,85,76,1,3,1,1,8.6,Teacher
84,73,61,88,1,4,4,1,8.6,Software
61,77,93,73,0,2,0,1,8.6,Teacher
61,77,86,68,1,1,1,1,8.6,Teacher
80,78,72,86,1,5,3,1,8.6,Software
83,88,77,80,1,5,1,1,8.6,HR
50,70,86,74,1,3,1,0,8.6,Teacher
61,65,89,70,1,2,1,0,8.6,Teacher
91,87,74,78,1,4,2,1,8.6,Software
60,72,81,73,0,3,1,1,8.6,Teacher
78,90,67,76,1,3,3,1,8.6,HR
91,86,59,75,1,6,4,1,8.6,Software
80,74,68,83,1,7,1,1,8.6,Software
62,74,85,78,0,1,1,1,8.6,Software
65,83,70,78,0,6,2,1,8.6,HR
54,67,92,72,0,3,0,0,8.6,Teacher
66,60,85,69,1,2,1,0,8.6,Teacher
88,87,59,84,1,6,3,1,8.6,Software
69,84,68,77,0,5,1,1,8.6,HR
63,66,84,71,0,1,0,1,8.6,Teacher
73,86,74,76,0,5,1,1,8.6,HR
89,77,68,80,1,7,2,1,8.6,Software
84,77,59,89,1,7,1,1,8.6,Software
93,70,73,75,1,5,2,1,8.6,Software
85,88,69,84,1,5,2,1,8.6,Software
71,83,60,88,1,6,1,0,8.6,HR
84,73,60,84,1,5,3,1,8.6,Software
83,79,57,82,1,4,1,1,8.6,Software
53,77,86,72,1,1,0,1,8.6,Teacher
83,82,58,83,1,6,4,1,8.6,Software
76,91,61,87,1,5,1,0,8.6,HR
92,77,61,82,1,7,2,1,8.6,Software
51,63,88,74,1,1,0,1,8.6,Teacher
89,71,58,80,1,6,2,1,8.6,Software
58,60,86,67,1,1,0,1,8.6,Teacher
86,87,58,75,1,6,4,1,8.6,Software
75,89,61,78,0,5,3,0,8.6,HR
62,79,81,78,0,2,1,1,8.6,Teacher
68,70,81,74,0,3,0,1,8.6,Teacher
66,77,89,72,0,1,1,0,8.6,Teacher
70,91,63,88,0,3,2,1,8.6,HR
67,67,85,73,1,2,0,0,8.6,Software
91,81,63,85,1,5,4,1,8.6,Software
94,86,70,75,1,7,1,1,8.6,Software
52,67,90,75,1,2,1,1,8.6,Teacher
68,89,75,88,1,3,1,0,8.6,HR
80,81,60,84,1,6,4,1,8.6,Software
57,74,93,79,0,3,0,0,8.6,Teacher
81,78,67,79,1,5,1,1,8.6,Software
73,86,61,87,0,6,2,0,8.6,HR
57,60,81,77,0,1,0,1,8.6,Teacher
94,86,65,78,1,7,1,1,8.6,Software
88,83,68,87,1,6,4,1,8.6,Software
64,64,91,72,1,2,1,1,8.6,Teacher
59,68,81,73,1,2,1,0,8.6,Teacher
90,83,68,89,1,7,1,1,8.6,Software
85,83,55,83,1,4,1,1,8.6,Software
75,91,73,78,0,6,3,1,8.6,HR
65,93,77,76,1,3,3,0,8.6,HR
86,81,55,77,1,6,1,1,8.6,Software
85,81,72,75,1,7,2,1,8.6,Software
61,72,88,76,0,2,0,0,8.6,Teacher
74,94,74,88,1,3,2,1,8.6,HR
74,83,72,83,0,4,2,0,8.6,HR
57,62,94,79,1,1,1,0,8.6,Teacher
51,74,91,74,1,3,0,1,8.6,Teacher
89,71,74,79,1,6,3,1,8.6,Software
52,74,94,71,1,3,0,0,8.6,Teacher
86,85,71,88,1,7,4,1,8.6,Software
89,76,71,82,1,4,1,1,8.6,Software
53,76,81,69,1,2,0,1,8.6,Teacher
68,83,79,76,0,6,1,1,8.6,HR
57,66,88,71,0,1,1,1,8.6,Teacher
83,78,69,88,1,6,4,1,8.6,Software
82,92,77,82,1,4,2,1,8.6,HR
79,88,70,78,0,3,2,0,8.6,HR
82,89,61,80,1,4,3,1,8.6,Software
51,62,90,66,1,1,1,1,8.6,Teacher
58,67,92,70,1,2,0,1,8.6,Teacher
69,70,80,77,1,1,1,1,8.6,Teacher
58,62,86,70,1,3,0,1,8.6,Teacher
74,90,78,87,1,3,1,1,8.6,HR
52,67,82,65,1,3,0,0,8.6,Teacher
69,85,74,77,0,6,3,0,8.6,HR
77,82,74,85,0,4,2,0,8.6,HR
81,88,68,77,1,6,1,1,8.6,Software
78,92,63,78,1,6,3,0,8.6,HR
81,92,72,79,1,3,1,1,8.6,HR
68,80,67,79,1,6,1,0,8.6,HR
86,70,65,76,1,4,4,1,8.6,Software
70,90,64,87,1,4,2,1,8.6,HR
67,83,75,80,1,4,2,0,8.6,HR
89,82,62,86,1,5,4,1,8.6,Software
58,68,94,66,1,1,0,0,8.6,Teacher
72,85,62,89,1,3,3,0,8.6,HR
76,92,66,88,0,6,3,0,8.6,HR
88,86,64,78,1,4,4,1,8.6,Software
78,83,64,77,1,5,3,1,8.6,HR
57,74,80,77,1,2,1,1,8.6,Teacher
88,84,68,78,1,7,4,1,8.6,Software
59,72,89,71,1,1,1,0,8.6,Teacher
81,93,65,83,0,5,2,0,8.6,HR
52,77,82,75,0,2,0,1,8.6,Teacher
67,93,70,78,1,3,3,0,8.6,HR
86,75,66,83,1,5,1,1,8.6,Software
92,74,63,85,1,7,4,1,8.6,Software
74,80,69,78,0,6,1,1,8.6,HR
64,67,92,74,0,3,1,1,8.6,Teacher
80,88,65,82,1,7,2,1,8.6,Software
66,82,65,75,0,4,2,0,8.6,HR
78,85,63,80,0,6,2,1,8.6,HR
92,83,63,86,1,4,2,1,8.6,Software
80,80,76,80,1,3,2,1,8.6,HR
83,78,62,77,1,5,2,1,8.6,Software
56,69,91,77,0,3,1,1,8.6,Teacher
55,67,90,72,1,2,0,0,8.6,Teacher
50,65,82,70,0,3,0,1,8.6,HR
91,81,57,79,1,6,2,1,8.6,Software
81,88,65,83,1,6,3,0,8.6,HR
81,87,65,75,1,5,2,1,8.6,Software
72,82,79,80,0,5,1,0,8.6,HR
91,87,56,77,1,7,4,1,8.6,Software
68,77,91,71,1,3,0,0,8.6,Teacher
66,92,72,78,1,3,2,0,8.6,Teacher
74,87,62,87,1,3,3,1,8.6,HR
67,90,79,77,1,6,2,0,8.6,HR
65,65,93,71,0,2,1,0,8.6,Teacher
68,64,89,76,1,1,0,1,8.6,Teacher
62,60,80,77,1,3,0,0,8.6,Teacher
91,84,63,78,1,4,2,1,8.6,Software
81,75,68,76,1,5,1,1,8.6,Software
64,78,83,66,0,1,0,0,8.6,Teacher
69,60,84,72,0,1,0,0,8.6,Teacher
63,75,80,69,0,2,1,1,8.6,Teacher
93,79,56,87,1,4,1,1,8.6,Software
74,86,60,81,0,6,3,0,8.6,HR
63,64,87,69,1,2,1,1,8.6,Teacher
66,81,68,78,0,4,1,0,8.6,HR
84,80,57,82,1,7,3,1,8.6,Software
81,85,75,82,1,3,1,1,8.6,HR
66,92,70,85,1,4,2,1,8.6,Teacher
71,87,71,88,0,4,3,0,8.6,HR
81,81,60,88,1,4,3,1,8.6,HR
93,85,71,83,1,6,3,1,8.6,Software
57,67,88,73,1,3,1,0,8.6,Teacher
66,74,88,71,1,1,0,1,8.6,Teacher
73,86,73,79,1,5,1,0,8.6,HR
86,73,74,78,1,5,3,1,8.6,Software
87,88,57,81,1,6,4,1,8.6,Software
57,75,81,68,1,3,0,0,8.6,Teacher
82,92,72,88,0,4,1,0,8.6,HR
83,88,68,81,1,4,2,1,8.6,Software
77,83,78,77,1,6,1,1,8.6,Software
77,86,70,76,0,4,3,0,8.6,HR
64,76,85,70,0,1,1,1,8.6,Teacher
90,80,69,79,1,6,2,1,8.6,Software
87,80,63,77,1,6,1,1,8.6,Software
68,82,64,77,0,5,3,1,8.6,HR
89,76,61,77,1,5,3,1,8.6,HR
76,94,65,87,0,5,3,1,8.6,HR
59,75,92,66,1,2,0,0,8.6,Teacher
66,91,76,78,0,4,2,1,8.6,HR
73,84,72,81,1,4,2,1,8.6,HR
56,75,92,70,1,3,1,1,8.6,Teacher
61,79,92,76,1,1,0,1,8.6,Teacher
85,70,63,86,1,5,1,1,8.6,Software
62,69,93,66,0,2,0,0,8.6,Teacher
90,74,67,86,1,5,2,1,8.6,Software
93,79,57,87,1,6,1,1,8.6,Software
55,70,90,73,1,2,0,0,8.6,Teacher
83,83,79,81,0,6,3,1,8.6,HR
63,77,87,67,1,1,0,1,8.6,Teacher
59,67,86,72,1,3,1,0,8.6,Teacher
80,71,63,80,1,5,2,1,8.6,Software
70,94,65,89,0,5,2,0,8.6,HR
89,89,58,82,1,5,4,1,8.6,Software
51,70,94,75,1,2,1,1,8.6,Teacher
70,86,76,83,0,5,1,0,8.6,HR
67,91,65,79,1,4,1,0,8.6,HR
94,71,74,78,1,4,3,1,8.6,Software
87,75,67,75,1,6,3,1,8.6,Software
56,72,92,65,1,2,1,0,8.6,Teacher
58,67,89,71,0,3,1,1,8.6,Teacher
93,84,67,83,1,5,3,1,8.6,HR
65,74,93,69,0,2,1,0,8.6,Teacher
85,87,68,84,1,5,1,1,8.6,HR
84,70,73,75,1,5,2,1,8.6,Software
83,94,65,85,0,3,3,1,8.6,HR
76,81,62,84,0,5,3,0,8.6,HR
80,83,68,75,1,7,3,1,8.6,Software
83,70,55,89,1,4,1,1,8.6,Software
66,79,83,69,1,3,0,0,8.6,Teacher
92,71,65,79,1,5,4,1,8.6,Software
67,90,61,84,1,3,3,1,8.6,HR
76,84,71,81,0,6,2,0,8.6,HR
84,80,59,86,1,5,4,1,8.6,Software
54,67,88,75,1,3,1,0,8.6,Teacher
86,80,71,81,1,6,3,1,8.6,Software
63,73,94,67,0,3,1,1,8.6,Teacher
54,71,87,72,1,2,0,1,8.6,Teacher
61,75,84,74,1,3,1,1,8.6,Teacher
53,76,88,66,0,2,0,1,8.6,Teacher
73,87,61,80,1,5,3,1,8.6,HR
62,74,86,66,0,3,1,1,8.6,Teacher
89,70,57,88,1,6,1,1,8.6,Software
81,78,68,84,1,6,2,1,8.6,Software
70,94,66,86,1,3,1,0,8.6,HR
50,69,86,75,0,3,1,0,8.6,Teacher
58,79,91,74,0,3,1,1,8.6,Teacher
81,75,73,75,1,5,2,1,8.6,Software
78,83,67,80,1,3,2,1,8.6,HR
59,71,90,75,0,2,0,0,8.6,Teacher
83,84,75,82,1,3,3,0,8.6,HR
83,80,65,79,1,5,2,1,8.6,HR
54,76,88,72,1,3,0,1,8.6,Teacher
93,84,66,78,1,7,2,1,8.6,Software
56,71,85,66,1,3,0,0,8.6,Teacher
81,70,57,75,1,6,4,1,8.6,Software
65,94,76,86,0,6,2,1,8.6,HR
55,66,94,75,1,3,0,1,8.6,Teacher
81,83,70,87,0,6,2,1,8.6,HR
86,89,67,83,1,7,4,1,8.6,Software
85,88,69,78,1,4,3,1,8.6,Software
66,67,81,76,0,3,1,0,8.6,Teacher
76,91,76,85,1,3,1,0,8.6,HR
91,79,68,83,1,5,2,1,8.6,Software
61,65,91,73,1,2,0,1,8.6,Teacher
73,94,79,82,1,3,3,1,8.6,HR
88,82,65,87,1,7,4,1,8.6,Software
81,90,60,89,0,4,3,0,8.6,HR
76,94,76,75,0,4,2,1,8.6,HR
80,78,66,79,1,5,4,1,8.6,Software
82,79,74,86,1,7,2,1,8.6,Software
92,84,59,89,1,5,2,1,8.6,Software
86,72,61,83,1,7,3,1,8.6,Software
82,73,57,75,1,7,1,1,8.6,Software
65,94,66,87,1,3,1,1,8.6,HR
54,60,90,76,0,1,1,1,8.6,Teacher
82,87,63,87,1,5,2,1,8.6,Software
56,76,81,70,0,3,0,0,8.6,Teacher
57,76,87,71,0,1,1,1,8.6,Teacher
88,77,57,76,1,7,4,1,8.6,Teacher
78,84,65,77,1,3,1,1,8.6,HR
62,60,83,73,0,2,1,1,8.6,Teacher
58,75,89,70,1,1,0,1,8.6,Teacher
54,72,91,75,0,3,0,0,8.6,Teacher
68,85,77,86,0,4,3,0,8.6,HR
80,83,72,86,1,6,3,1,8.6,Software
68,72,84,73,0,1,0,1,8.6,Teacher
81,82,66,79,1,5,3,0,8.6,HR
81,80,76,78,0,4,3,1,8.6,HR
81,79,57,82,1,5,4,1,8.6,Software
56,74,82,73,0,1,0,1,8.6,Teacher
90,74,56,75,1,7,1,1,8.6,Software
52,62,85,77,1,1,0,0,8.6,Teacher
89,72,57,84,1,4,4,1,8.6,Software
69,70,91,73,0,2,0,0,8.6,Teacher
61,74,86,68,1,2,1,0,8.6,Teacher
57,78,94,69,1,2,0,1,8.6,Teacher
83,84,55,89,1,4,3,1,8.6,Software
66,77,91,69,1,1,1,1,8.6,Teacher
78,86,68,84,1,5,2,0,8.6,HR
69,86,69,85,0,6,2,1,8.6,HR
78,85,74,88,1,5,1,0,8.6,HR
55,75,83,70,0,1,1,1,8.6,Teacher
86,88,59,89,1,4,4,1,8.6,Software
64,70,92,70,0,2,0,1,8.6,Teacher
52,67,86,67,1,2,1,0,8.6,Teacher
93,77,68,88,1,5,1,1,8.6,Software
87,85,65,76,1,7,4,1,8.6,Software
93,71,70,75,1,7,3,1,8.6,Software
65,91,79,79,1,6,2,1,8.6,HR
87,82,64,83,1,7,1,1,8.6,Software
86,70,72,82,1,7,1,1,8.6,Software
59,71,93,66,0,3,1,1,8.6,Teacher
50,71,89,70,0,1,0,0,8.6,Teacher
54,75,94,73,1,3,1,1,8.6,Teacher
67,88,64,76,0,6,2,0,8.6,HR
62,74,85,79,0,2,1,1,8.6,Teacher
86,83,60,80,1,5,4,1,8.6,Software
72,82,67,89,1,3,1,0,8.6,HR
81,75,60,76,1,5,2,1,8.6,Software
50,78,84,67,0,2,0,0,8.6,Teacher
83,87,67,82,1,5,2,1,8.6,Software
51,79,90,74,1,1,1,0,8.6,Teacher
80,94,66,76,1,3,3,1,8.6,HR
79,87,63,79,1,6,2,1,8.6,HR
57,69,86,67,0,2,1,0,8.6,Teacher
70,91,76,75,1,6,1,1,8.6,HR
71,85,76,79,1,5,2,0,8.6,HR
52,63,84,77,1,3,1,0,8.6,Teacher
85,78,74,78,1,7,2,1,8.6,Software
65,87,64,87,1,6,3,1,8.6,HR
94,87,62,75,1,6,1,1,8.6,Software
80,78,63,87,1,6,4,1,8.6,Software
78,89,75,85,1,3,1,1,8.6,HR
80,73,72,89,1,6,4,1,8.6,Software
58,67,93,72,1,1,0,1,8.6,Teacher
79,83,75,84,1,5,3,1,8.6,HR
59,78,80,65,0,3,1,1,8.6,Teacher
73,83,78,82,1,3,2,1,8.6,HR
61,76,88,76,1,3,1,1,8.6,Teacher
76,81,77,87,0,5,3,1,8.6,HR
79,88,77,84,0,5,3,0,8.6,HR
55,76,80,73,1,1,0,0,8.6,Teacher
76,80,64,87,0,6,1,1,8.6,HR
68,79,92,77,0,2,1,1,8.6,Teacher
83,85,68,88,1,6,1,1,8.6,Software
82,93,72,85,1,5,2,0,8.6,Software
72,87,60,80,1,3,3,0,8.6,Software
60,61,87,76,0,3,0,0,8.6,Teacher
70,80,67,79,0,5,2,1,8.6,HR
59,64,94,76,1,2,0,1,8.6,Teacher
69,85,76,75,0,4,3,1,8.6,HR
57,69,81,72,1,1,1,0,8.6,Teacher
68,60,84,69,1,1,1,0,8.6,Teacher
65,64,94,68,0,1,0,0,8.6,Teacher
91,82,63,87,1,6,1,1,8.6,Software
66,85,73,80,0,3,3,1,8.6,HR
64,74,82,67,1,3,1,1,8.6,Teacher
93,87,60,80,1,7,1,1,8.6,Software
71,82,60,83,1,3,2,0,8.6,HR
80,88,74,87,0,5,2,1,8.6,Software
70,85,64,80,0,3,2,0,8.6,HR
72,93,62,76,1,3,2,1,8.6,HR
88,79,64,85,1,5,2,1,8.6,Software
64,63,83,77,0,2,0,1,8.6,Teacher
74,94,67,83,1,6,3,1,8.6,Teacher
82,78,61,76,1,4,4,1,8.6,Software
61,79,81,69,0,2,1,0,8.6,Teacher
50,70,91,74,0,3,0,1,8.6,Software
90,77,64,89,1,7,3,1,8.6,Software
93,80,57,82,1,7,1,1,8.6,Software
92,77,74,85,1,5,4,1,8.6,Software
78,81,77,82,1,5,3,0,8.6,HR
54,64,94,74,1,2,0,1,8.6,Teacher
80,70,65,86,1,7,4,1,8.6,Software
61,68,89,69,1,2,0,0,8.6,Teacher
65,73,88,78,0,3,0,0,8.6,Teacher
93,70,65,81,1,4,3,1,8.6,Software
52,64,85,69,1,3,0,1,8.6,Teacher
50,60,82,70,0,2,1,1,8.6,HR
92,86,68,76,1,7,2,1,8.6,Software
67,79,84,79,0,3,1,1,8.6,Software
81,84,72,89,1,4,3,1,8.6,HR
86,81,66,88,1,6,3,1,8.6,Software
83,89,57,81,1,6,2,1,8.6,Software
84,85,59,78,1,6,3,1,8.6,Software
82,87,68,89,1,5,2,0,8.6,HR
62,68,92,79,0,2,0,0,8.6,Teacher
86,78,72,83,1,4,4,1,8.6,Software
84,88,73,85,0,5,1,0,8.6,HR
87,79,55,85,1,5,3,1,8.6,Software
63,67,93,70,0,3,0,1,8.6,Teacher
56,74,83,76,0,2,1,0,8.6,Teacher
67,64,83,79,1,1,0,0,8.6,Teacher
66,89,75,77,0,5,3,1,8.6,HR
70,80,67,75,0,5,1,1,8.6,HR
86,76,63,79,1,7,4,1,8.6,Software
88,82,68,77,1,6,3,1,8.6,Software
65,60,89,66,1,1,1,0,8.6,Teacher
80,89,67,77,1,5,1,1,8.6,Software
80,93,62,89,0,5,1,1,8.6,HR
90,75,63,81,1,7,1,1,8.6,Software
67,85,66,78,0,3,3,1,8.6,HR
79,83,68,85,1,5,1,0,8.6,HR
83,84,58,83,1,7,2,1,8.6,Software
87,76,69,84,1,4,1,1,8.6,Software
57,77,84,79,0,1,0,1,8.6,Teacher
80,74,74,87,1,7,2,1,8.6,Software
68,65,85,65,1,2,1,0,8.6,Teacher
65,80,63,78,1,6,1,1,8.6,HR
57,73,82,66,1,1,0,0,8.6,Teacher
69,91,62,76,0,5,3,0,8.6,HR
54,77,86,76,1,3,0,1,8.6,Teacher
80,84,65,79,1,4,1,1,8.6,HR
63,76,92,73,0,1,0,0,8.6,Teacher
69,73,91,65,1,1,0,1,8.6,Teacher
84,89,62,82,1,7,1,1,8.6,Software
69,79,83,73,0,2,1,0,8.6,Teacher
74,88,69,79,1,4,1,1,8.6,HR
63,69,86,71,1,3,1,1,8.6,Teacher
65,77,86,74,0,2,1,0,8.6,Teacher
71,85,60,75,1,3,1,1,8.6,HR
81,75,63,88,1,5,4,1,8.6,Software
68,85,67,87,0,6,1,1,8.6,HR
73,85,71,75,1,3,1,0,8.6,HR
71,83,66,82,1,5,1,1,8.6,HR
73,83,78,81,1,3,3,0,8.6,HR
73,94,74,84,1,6,1,0,8.6,HR
63,66,91,67,0,2,0,0,8.6,Teacher
83,75,74,86,1,7,1,1,8.6,Software
52,62,83,74,0,2,1,0,8.6,Teacher
84,80,59,77,1,6,1,1,8.6,Software
94,78,67,89,1,4,2,1,8.6,Software
81,81,61,78,1,4,3,1,8.6,Software
69,78,82,69,1,1,0,1,8.6,Teacher
79,83,64,89,0,4,1,1,8.6,HR
78,93,75,82,1,6,2,1,8.6,HR
67,91,60,78,0,3,1,1,8.6,HR
77,86,68,79,1,4,2,1,8.6,HR
51,72,83,66,1,3,0,1,8.6,Teacher
81,87,68,89,1,4,4,1,8.6,Software
76,84,69,86,0,6,1,1,8.6,HR
74,88,60,88,0,4,1,0,8.6,HR
90,77,63,84,1,5,4,1,8.6,Software
82,77,73,79,1,6,2,1,8.6,Software
76,90,72,75,0,6,3,1,8.6,HR
85,70,60,87,1,5,4,1,8.6,Software
73,86,77,85,1,3,1,0,8.6,HR
51,65,93,71,1,2,1,0,8.6,Software
80,86,66,76,0,4,1,1,8.6,HR
82,93,72,78,0,6,1,0,8.6,HR
93,76,59,79,1,4,2,1,8.6,Software
62,64,87,79,1,1,1,1,8.6,Teacher
85,79,57,79,1,7,4,1,8.6,Software
93,79,61,87,1,7,4,1,8.6,Software
71,85,73,87,0,4,2,1,8.6,HR
70,91,64,75,0,4,2,0,8.6,HR
88,71,66,78,1,7,2,1,8.6,Software
51,75,83,65,1,1,0,0,8.6,Teacher
54,61,83,73,1,2,1,1,8.6,Teacher
82,70,59,75,1,7,3,1,8.6,Software
63,70,90,72,1,1,1,1,8.6,Teacher
68,89,60,75,0,6,1,0,8.6,HR
80,74,67,83,1,6,1,1,8.6,Software
93,88,56,78,1,5,4,1,8.6,Software
66,83,66,76,1,4,1,0,8.6,HR
91,72,73,87,1,7,4,1,8.6,Software
64,73,83,74,0,3,1,1,8.6,Teacher
66,67,81,67,1,1,1,0,8.6,Teacher
90,89,66,78,1,4,3,1,8.6,Software
81,76,64,81,1,4,3,1,8.6,Software
50,64,91,76,1,3,1,0,8.6,Teacher
70,91,69,86,1,6,1,0,8.6,HR
87,83,60,88,1,7,1,1,8.6,Software
72,86,68,76,1,4,2,0,8.6,HR
83,76,58,85,1,4,2,1,8.6,Software
79,83,65,76,1,4,3,1,8.6,Software
94,73,55,89,1,6,1,1,8.6,Software
81,78,58,87,1,6,2,1,8.6,Software
58,65,84,76,0,1,1,0,8.6,Teacher
63,76,82,70,1,3,1,0,8.6,Teacher
71,92,69,75,1,3,1,1,8.6,HR
52,64,89,69,1,3,0,1,8.6,Teacher
73,85,68,77,0,3,2,1,8.6,HR
72,83,75,87,1,6,2,1,8.6,HR
84,85,74,78,0,3,3,0,8.6,HR
55,75,83,78,1,1,1,1,8.6,Teacher
51,62,90,76,0,1,1,1,8.6,Teacher
77,90,60,83,0,4,3,0,8.6,HR
71,82,79,79,0,5,2,0,8.6,HR
55,73,80,73,0,2,0,0,8.6,Teacher
62,69,80,69,1,1,1,1,8.6,HR
82,75,70,80,1,7,4,1,8.6,Software
88,82,65,87,1,7,2,1,8.6,Software
64,78,94,72,1,1,0,1,8.6,Teacher
83,90,63,89,1,5,1,1,8.6,HR
85,77,72,83,1,7,4,1,8.6,Software
73,90,68,86,0,3,3,1,8.6,HR
69,74,94,69,0,1,1,1,8.6,Teacher
89,71,70,78,1,6,1,1,8.6,Software
67,71,81,69,1,1,1,0,8.6,Teacher
76,88,65,86,0,4,1,0,8.6,HR
84,93,65,79,0,6,1,1,8.6,HR
81,83,56,83,1,6,1,1,8.6,Software
62,65,85,77,1,3,0,0,8.6,Teacher
91,79,71,84,1,6,3,1,8.6,Software
50,71,87,72,0,3,0,0,8.6,Teacher
92,70,70,81,1,4,2,1,8.6,Software
82,81,70,84,1,6,1,1,8.6,Software
65,83,69,84,1,5,1,0,8.6,HR
64,70,93,79,1,2,1,0,8.6,Teacher
75,91,69,83,0,3,3,0,8.6,HR
94,72,74,81,1,5,4,1,8.6,Software
80,88,56,87,1,4,4,1,8.6,Software
70,91,71,82,1,5,1,0,8.6,HR
75,82,63,84,0,3,3,1,8.6,HR
81,85,63,78,0,6,1,1,8.6,HR
53,61,86,76,0,1,1,1,8.6,Teacher
54,60,84,70,0,2,1,0,8.6,Teacher
53,64,86,70,0,3,1,0,8.6,Teacher
81,83,70,81,1,5,4,1,8.6,Software
59,68,94,72,0,1,0,0,8.6,Teacher
74,84,69,86,1,3,2,1,8.6,HR
85,81,57,85,1,5,2,1,8.6,Software
80,88,65,77,1,5,3,0,8.6,Teacher
85,86,70,81,1,6,2,1,8.6,Software
76,85,73,81,1,4,1,1,8.6,HR
72,83,66,85,0,6,1,0,8.6,HR
67,83,69,83,1,3,1,1,8.6,HR
66,77,87,79,1,3,0,1,8.6,Teacher
58,66,88,79,0,1,0,0,8.6,Teacher
54,71,80,71,0,3,0,0,8.6,Teacher
51,64,83,77,0,3,1,0,8.6,Teacher
87,77,67,75,1,5,1,1,8.6,Software
54,68,89,70,1,1,0,0,8.6,Teacher
52,61,89,70,1,2,0,0,8.6,Teacher
56,69,92,68,1,2,1,1,8.6,Teacher
80,75,62,85,1,6,4,1,8.6,Software
50,68,85,68,1,2,0,0,8.6,HR
82,86,62,86,1,6,2,1,8.6,Software
80,85,67,83,1,3,3,0,8.6,HR
57,62,83,65,1,1,0,0,8.6,Teacher
90,83,62,77,1,5,2,1,8.6,Software
88,75,63,79,1,4,2,1,8.6,Software
52,65,83,69,1,2,0,0,8.6,Teacher
64,72,89,67,1,1,0,0,8.6,Teacher
69,90,63,76,0,3,2,0,8.6,HR
82,92,72,89,0,4,3,0,8.6,HR
83,83,57,75,1,6,1,1,8.6,HR
94,82,74,81,1,6,2,1,8.6,Software
82,91,63,84,0,4,1,1,8.6,HR
53,64,85,73,0,1,1,1,8.6,Teacher
83,94,74,84,0,6,1,1,8.6,HR
79,80,69,81,0,5,3,0,8.6,HR
83,83,65,84,0,5,3,0,8.6,HR
69,92,71,85,0,6,3,1,8.6,HR
89,76,65,84,1,6,4,1,8.6,HR
69,87,78,85,0,4,3,1,8.6,HR
61,64,89,65,0,2,1,0,8.6,Teacher
64,70,91,73,0,3,0,0,8.6,Teacher
58,76,80,65,1,1,1,0,8.6,Teacher
87,85,70,82,1,6,4,1,8.6,Software
90,84,62,80,1,4,3,1,8.6,Software
88,74,64,81,1,4,1,1,8.6,Software
77,84,63,87,0,3,1,1,8.6,HR
89,87,65,82,1,7,4,1,8.6,HR
74,84,70,78,0,4,3,1,8.6,HR
68,88,61,83,0,4,3,0,8.6,HR
82,86,66,82,1,7,1,1,8.6,Software
64,73,87,68,1,1,1,0,8.6,Teacher
77,82,67,77,0,3,1,1,8.6,HR
82,79,71,77,1,4,3,1,8.6,Software
85,72,63,77,1,5,4,1,8.6,Software
89,81,70,89,1,5,3,1,8.6,Software
68,94,79,77,0,6,3,0,8.6,HR
67,69,82,71,1,2,1,0,8.6,Teacher
75,94,66,86,0,5,2,1,8.6,HR
52,63,83,70,1,3,1,0,8.6,Teacher
92,78,72,86,1,7,1,1,8.6,Software
69,65,90,73,0,1,0,0,8.6,Teacher
84,76,60,80,1,5,4,1,8.6,HR
87,84,64,82,1,4,4,1,8.6,Software
76,91,73,77,1,6,2,0,8.6,HR
84,89,74,81,1,4,4,1,8.6,Software
67,70,85,78,1,3,0,1,8.6,Teacher
72,80,66,75,1,3,2,0,8.6,HR
80,83,60,81,1,5,2,1,8.6,HR
59,71,93,78,0,1,0,0,8.6,Teacher
82,88,65,87,1,5,4,1,8.6,Software
92,78,69,78,1,6,4,1,8.6,Software
61,71,85,78,1,2,1,1,8.6,Teacher
94,83,66,76,1,7,3,1,8.6,Software
56,62,86,76,0,3,1,1,8.6,Software
64,67,94,76,1,3,1,0,8.6,Teacher
88,71,61,83,1,4,4,1,8.6,Software
84,93,61,87,1,4,3,1,8.6,HR
92,75,60,78,1,7,1,1,8.6,Software
53,61,88,79,0,1,1,1,8.6,Teacher
63,72,83,74,0,1,0,0,8.6,Teacher
78,91,61,87,0,3,3,1,8.6,HR
87,76,62,75,1,4,1,1,8.6,Software
82,85,60,83,1,7,3,1,8.6,Software
89,72,60,79,1,4,2,1,8.6,Software
74,88,63,86,1,4,2,0,8.6,HR
83,80,72,76,1,4,3,0,8.6,HR
50,79,88,68,1,2,1,0,8.6,Teacher
53,77,84,74,0,2,1,0,8.6,Teacher
67,64,86,67,0,3,0,1,8.6,Teacher
91,86,70,75,1,6,3,1,8.6,Software
65,64,82,78,0,3,1,1,8.6,Teacher
63,73,94,72,0,3,1,0,8.6,Teacher
65,71,86,79,0,1,0,0,8.6,Teacher
93,87,68,82,1,6,2,1,8.6,Software
53,74,83,65,1,3,0,0,8.6,Teacher
88,78,61,82,1,6,3,1,8.6,Software
68,63,89,77,0,1,1,0,8.6,Teacher
84,73,65,85,1,4,3,1,8.6,Software
64,79,91,79,0,3,1,1,8.6,Teacher
51,69,81,74,0,1,0,0,8.6,Teacher
50,61,91,79,1,1,0,1,8.6,HR
82,79,60,84,1,4,1,1,8.6,HR
94,89,74,83,1,6,4,1,8.6,Software
62,60,83,65,1,1,1,0,8.6,Teacher
51,71,90,79,1,1,0,1,8.6,Teacher
80,86,70,86,1,6,2,1,8.6,HR
85,75,60,87,1,4,2,1,8.6,Software
75,91,67,88,0,4,1,1,8.6,HR
87,86,58,81,1,4,2,1,8.6,Software
76,88,79,78,0,6,1,0,8.6,HR
72,81,68,87,0,4,2,0,8.6,Teacher
79,81,79,87,0,6,1,1,8.6,HR
60,71,92,74,0,3,0,0,8.6,Teacher
68,91,72,88,0,4,3,0,8.6,HR
62,72,87,77,0,2,1,1,8.6,Teacher
73,93,66,88,0,6,2,0,8.6,HR
63,72,82,68,1,3,0,1,8.6,Teacher
53,72,94,66,1,1,1,1,8.6,Teacher
73,88,69,75,0,4,3,1,8.6,HR
83,91,66,87,1,6,2,0,8.6,HR
62,68,87,72,0,1,1,0,8.6,Teacher
77,89,74,85,0,5,2,1,8.6,HR
68,67,81,70,0,1,1,1,8.6,Teacher
87,77,61,82,1,4,2,1,8.6,Software
59,76,90,73,1,1,0,1,8.6,Teacher
58,67,80,73,0,2,1,0,8.6,Teacher
60,74,82,72,1,1,0,1,8.6,Teacher
84,82,55,84,1,4,1,1,8.6,Software
89,88,73,80,1,7,4,1,8.6,HR
72,85,74,83,0,4,1,0,8.6,HR
50,66,92,76,1,1,0,0,8.6,Teacher
83,76,61,82,1,5,2,1,8.6,Software
87,83,62,81,1,5,1,1,8.6,Software
65,83,63,83,1,5,3,1,8.6,HR
81,84,73,85,1,4,4,1,8.6,HR
80,91,67,82,0,3,1,0,8.6,HR
63,73,87,78,0,2,0,0,8.6,Teacher
82,73,70,89,1,7,1,1,8.6,Software
84,84,71,85,1,4,3,1,8.6,HR
82,88,63,77,1,5,2,1,8.6,Software
88,70,65,85,1,4,3,1,8.6,Software
80,78,66,87,1,4,3,1,8.6,Teacher
84,78,67,89,1,4,1,1,8.6,Software
70,93,64,85,0,3,2,0,8.6,HR
94,85,62,77,1,4,2,1,8.6,Software
74,91,64,75,1,3,2,0,8.6,HR
69,88,62,86,1,4,1,0,8.6,HR
92,81,64,78,1,5,4,1,8.6,Software
56,67,81,73,0,1,1,0,8.6,Software
82,89,79,86,1,4,2,0,8.6,HR
86,84,55,89,1,7,2,1,8.6,Software
62,79,81,67,0,3,0,0,8.6,Teacher
91,79,68,78,1,4,1,1,8.6,Software
60,71,88,79,0,1,0,0,8.6,Teacher
83,87,79,78,1,5,3,1,8.6,Teacher
71,87,66,79,0,3,2,1,8.6,HR
84,87,68,84,1,4,2,0,8.6,HR
67,60,84,75,1,3,1,1,8.6,Teacher
80,82,61,89,1,7,3,1,8.6,Software
82,85,69,86,0,3,3,0,8.6,HR
84,86,67,86,0,3,3,0,8.6,HR
75,87,65,85,1,4,2,0,8.6,HR
50,74,85,68,0,1,0,1,8.6,Teacher
74,89,65,75,0,4,2,0,8.6,HR
65,67,87,75,0,1,0,1,8.6,Teacher
69,89,69,77,0,3,2,0,8.6,HR
87,70,67,77,1,6,1,1,8.6,Software
87,84,58,87,1,6,4,1,8.6,Software
86,81,62,86,1,4,2,1,8.6,Software
92,85,70,82,1,6,2,1,8.6,Software
59,76,88,69,0,2,1,0,8.6,Teacher
81,87,73,87,0,5,3,0,8.6,HR
75,89,73,87,1,4,2,1,8.6,HR
78,86,66,79,1,6,2,0,8.6,HR
93,72,73,78,1,4,3,1,8.6,Software
88,80,55,78,1,4,3,1,8.6,Software
89,73,72,79,1,6,2,1,8.6,Software
80,89,70,76,1,5,3,1,8.6,Software
80,85,64,79,1,5,1,1,8.6,Software
72,84,77,78,1,4,3,0,8.6,HR
66,75,86,68,1,3,0,1,8.6,Teacher
68,82,76,79,0,4,1,1,8.6,HR
56,68,88,73,1,1,1,1,8.6,Teacher
80,86,67,76,0,3,1,0,8.6,HR
55,61,87,73,0,1,0,1,8.6,Teacher
53,76,91,70,0,2,1,0,8.6,HR
68,91,64,87,0,5,2,0,8.6,HR
64,65,84,78,1,3,0,0,8.6,Teacher
80,83,74,83,0,3,1,1,8.6,HR
70,80,66,85,1,6,1,0,8.6,HR
80,93,62,88,1,5,2,1,8.6,HR
86,70,61,86,1,6,4,1,8.6,Software
68,74,94,70,1,2,1,0,8.6,HR
70,82,60,86,1,4,1,1,8.6,HR
94,77,60,76,1,6,4,1,8.6,Software
82,79,73,88,1,5,3,1,8.6,Software
71,94,71,87,0,3,2,0,8.6,Software
67,93,70,80,1,4,1,1,8.6,HR
82,84,70,86,0,5,3,1,8.6,Software
67,91,74,84,0,6,1,0,8.6,HR
58,65,81,65,1,3,1,0,8.6,Teacher
82,83,69,80,1,7,3,1,8.6,Software
94,80,66,78,1,6,4,1,8.6,Software
82,83,79,88,1,5,2,0,8.6,HR
56,62,87,69,1,2,1,0,8.6,Teacher
80,72,60,78,1,6,1,1,8.6,Software
91,87,64,81,1,7,4,1,8.6,Software
68,70,90,69,1,2,0,0,8.6,Teacher
80,84,60,79,0,6,2,0,8.6,HR
69,73,82,76,1,2,1,0,8.6,Teacher
62,79,82,71,1,1,0,1,8.6,HR
80,89,55,76,1,6,4,1,8.6,Software
58,66,81,67,1,2,1,1,8.6,Teacher
60,65,82,78,1,2,1,0,8.6,Teacher
79,87,63,78,1,5,1,1,8.6,HR
69,81,75,83,1,4,2,1,8.6,HR
83,84,55,81,1,4,3,1,8.6,Software
83,80,56,78,1,7,4,1,8.6,Software
65,68,83,78,1,2,1,1,8.6,Teacher
61,77,90,70,0,1,0,0,8.6,Teacher
52,72,92,74,1,2,1,1,8.6,Teacher
87,79,65,77,1,4,3,1,8.6,Software
62,72,84,78,1,2,0,1,8.6,Teacher
85,81,63,89,1,4,3,1,8.6,Software
65,74,91,78,0,2,0,1,8.6,Teacher
81,80,57,80,1,5,4,1,8.6,Software
79,80,72,81,0,6,3,0,8.6,HR
54,75,93,79,0,3,1,0,8.6,Teacher
66,65,92,71,1,2,1,0,8.6,Teacher
82,84,71,76,1,5,3,0,8.6,HR
83,87,70,82,1,7,1,1,8.6,Software
87,73,63,82,1,4,3,1,8.6,Software
75,93,72,89,0,6,1,0,8.6,HR
84,87,71,76,0,6,1,0,8.6,HR
66,91,75,76,0,4,2,1,8.6,HR
81,81,75,78,1,5,2,1,8.6,HR
62,64,88,72,0,3,1,0,8.6,Teacher
83,79,62,77,1,7,2,1,8.6,Software
51,68,88,75,0,3,1,0,8.6,Teacher
81,87,68,80,1,5,3,1,8.6,Software
85,88,71,84,1,6,3,1,8.6,Software
59,61,89,67,0,2,1,1,8.6,Teacher
71,82,66,89,1,4,1,0,8.6,HR
62,60,91,68,0,1,1,0,8.6,Teacher
72,85,65,79,0,3,2,0,8.6,HR
69,79,89,74,1,3,1,1,8.6,Teacher
82,93,74,89,1,6,3,0,8.6,HR
52,76,88,78,0,2,1,0,8.6,Teacher
69,94,63,81,1,4,3,1,8.6,HR
89,82,72,80,1,4,2,1,8.6,Software
76,80,71,84,0,3,3,1,8.6,HR
81,81,74,85,1,5,2,1,8.6,Software
84,87,57,84,1,6,2,1,8.6,Software
62,79,80,67,0,3,0,0,8.6,Teacher
69,91,60,81,1,5,2,0,8.6,HR
83,74,70,89,1,6,4,1,8.6,Software
76,92,70,79,0,3,3,0,8.6,HR
82,73,55,85,1,4,3,1,8.6,Software
61,70,84,73,1,3,0,0,8.6,Teacher
68,87,77,89,1,4,3,0,8.6,HR
67,89,72,84,0,3,2,1,8.6,HR
53,68,80,65,1,3,0,1,8.6,Teacher
65,87,67,77,0,3,2,0,8.6,HR
54,72,81,68,0,3,1,0,8.6,Teacher
77,88,61,82,1,6,1,1,8.6,HR
66,85,73,77,1,6,1,1,8.6,Software
65,90,60,86,1,3,2,1,8.6,HR
66,80,65,86,0,5,1,0,8.6,HR
51,78,85,74,1,1,0,0,8.6,HR
91,80,74,77,1,5,2,1,8.6,Software
80,84,67,75,0,6,3,0,8.6,HR
76,83,76,88,1,5,1,1,8.6,HR
68,80,74,76,1,6,1,1,8.6,HR
61,71,88,69,1,2,1,0,8.6,Teacher
71,84,78,81,0,5,3,0,8.6,HR
81,84,68,81,1,4,2,0,8.6,HR
86,86,56,83,1,7,3,1,8.6,Software
93,72,74,75,1,5,1,1,8.6,Software
84,88,72,89,1,6,4,1,8.6,Software
86,85,71,88,1,7,3,1,8.6,Software
52,62,87,78,0,3,0,0,8.6,Teacher
57,62,85,66,0,3,1,1,8.6,Teacher
70,92,75,86,1,5,1,1,8.6,HR
86,71,65,84,1,4,1,1,8.6,Software
89,82,68,82,1,5,4,1,8.6,Software
66,81,75,83,1,5,3,0,8.6,HR
51,68,94,66,0,1,1,1,8.6,Teacher
51,73,89,72,1,2,1,0,8.6,Teacher
88,79,58,85,1,6,1,1,8.6,Software
94,76,60,75,1,7,2,1,8.6,Software
76,89,62,89,1,3,1,1,8.6,HR
66,64,92,65,0,3,0,0,8.6,Teacher
67,79,90,75,0,2,0,1,8.6,Teacher
80,76,65,83,1,7,3,1,8.6,Software
68,71,88,71,1,2,0,1,8.6,Teacher
62,77,81,77,0,3,1,0,8.6,Teacher
73,82,67,77,1,6,3,1,8.6,HR
65,91,60,78,0,6,1,0,8.6,HR
86,84,72,80,1,5,2,1,8.6,Teacher
54,63,86,76,0,3,0,1,8.6,Teacher
83,80,66,88,1,6,3,1,8.6,Software
80,88,55,78,1,5,3,1,8.6,Software
82,86,65,86,0,4,2,0,8.6,HR
68,86,70,82,0,3,3,1,8.6,HR
80,75,57,88,1,7,3,1,8.6,Software
50,72,85,70,0,3,0,1,8.6,Teacher
57,78,85,68,1,1,1,0,8.6,Teacher
71,91,65,78,1,5,1,1,8.6,HR
50,69,82,72,1,3,0,0,8.6,Teacher
68,88,66,75,0,6,2,1,8.6,HR
50,60,84,70,0,2,0,0,8.6,Teacher
53,66,93,78,1,2,0,0,8.6,Teacher
85,72,71,77,1,4,3,1,8.6,Software
69,71,93,71,0,3,0,0,8.6,Teacher
63,68,93,67,0,3,0,0,8.6,Teacher
68,89,63,76,1,5,1,0,8.6,HR
94,74,61,82,1,6,4,1,8.6,Software
94,80,68,80,1,6,2,1,8.6,Software
85,72,59,87,1,6,2,1,8.6,Software
93,82,60,79,1,5,1,1,8.6,Software
63,76,85,78,0,1,1,0,8.6,Teacher
55,72,89,69,0,3,1,0,8.6,Teacher
65,68,82,67,1,1,1,0,8.6,Teacher
87,78,59,75,1,4,2,1,8.6,Software
58,64,84,74,0,1,1,0,8.6,Teacher
83,92,66,78,0,3,3,0,8.6,HR
76,82,76,79,1,5,1,1,8.6,HR
66,79,87,67,0,3,1,0,8.6,Teacher
67,61,87,75,0,2,1,1,8.6,Teacher
68,86,68,84,0,4,2,0,8.6,HR
55,67,94,75,1,2,1,1,8.6,Teacher
91,79,68,85,1,5,2,1,8.6,Software
78,92,69,83,0,3,1,0,8.6,HR
78,82,70,77,0,4,3,0,8.6,HR
71,88,75,80,1,3,3,0,8.6,HR
66,73,86,70,0,2,1,0,8.6,Teacher
80,84,64,78,1,3,2,1,8.6,HR
76,90,63,76,1,3,3,1,8.6,HR
84,86,62,79,0,5,2,0,8.6,HR
91,79,63,79,1,6,3,1,8.6,Software
67,79,87,67,1,3,1,0,8.6,Teacher
90,80,66,87,1,7,4,1,8.6,Software
94,74,63,84,1,4,3,1,8.6,Software
65,87,75,84,1,4,2,1,8.6,HR
76,80,65,75,1,6,2,1,8.6,HR
65,90,72,79,0,3,1,0,8.6,HR
69,70,89,70,0,2,1,1,8.6,Teacher
77,85,67,89,0,3,3,1,8.6,HR
94,81,65,76,1,7,1,1,8.6,Software
94,71,58,77,1,6,1,1,8.6,Software
50,78,90,69,0,1,1,1,8.6,Teacher
80,88,77,76,1,5,3,0,8.6,HR
88,84,67,84,1,4,1,1,8.6,Software
52,68,91,76,0,2,0,1,8.6,Teacher
92,71,56,81,1,5,3,1,8.6,Software
77,80,74,83,1,5,3,0,8.6,HR
82,90,61,85,0,6,3,0,8.6,HR
93,78,56,77,1,5,1,1,8.6,Software
61,64,83,72,0,2,1,0,8.6,Teacher
83,83,57,85,1,4,1,1,8.6,Software
89,83,60,80,1,7,4,1,8.6,Software
80,79,69,85,1,6,4,1,8.6,Software
81,78,55,87,1,5,3,1,8.6,Software
67,93,72,81,0,5,2,1,8.6,HR
82,76,66,84,1,5,2,1,8.6,Software
64,79,91,69,1,3,1,0,8.6,Software
68,61,89,79,0,1,0,1,8.6,Teacher
82,76,57,75,1,6,4,1,8.6,Software
83,86,64,83,1,5,2,1,8.6,Software
84,86,60,86,1,4,2,1,8.6,Software
77,88,68,81,0,5,3,0,8.6,HR
85,77,73,80,1,7,1,1,8.6,Software
81,70,67,88,1,7,1,1,8.6,Software
66,92,70,84,1,5,1,0,8.6,HR
71,92,68,76,1,4,2,1,8.6,HR
76,89,70,76,1,5,3,1,8.6,HR
79,85,78,75,0,4,1,1,8.6,HR
63,77,93,68,0,1,0,0,8.6,Teacher
89,84,55,86,1,4,2,1,8.6,Software
83,71,74,77,1,4,1,1,8.6,Software
54,75,92,77,0,3,0,1,8.6,Software
90,72,58,83,1,6,4,1,8.6,Software
84,84,79,89,0,6,3,1,8.6,HR
82,89,69,89,1,6,4,1,8.6,Software
80,94,64,79,0,4,3,1,8.6,HR
52,60,82,74,1,3,0,1,8.6,HR
90,79,68,79,1,7,3,1,8.6,Software
51,62,91,79,1,1,0,0,8.6,Teacher
68,86,76,86,1,6,2,1,8.6,HR
54,63,84,67,1,1,1,1,8.6,Teacher
91,89,62,77,1,4,4,1,8.6,Software
60,66,80,74,0,1,1,0,8.6,Teacher
55,66,80,70,1,1,0,1,8.6,Teacher
93,75,62,89,1,5,4,1,8.6,Software
82,90,68,77,1,3,2,1,8.6,HR
50,70,82,72,0,1,1,1,8.6,Teacher
56,66,80,72,1,3,0,1,8.6,Teacher
82,74,72,75,1,7,3,1,8.6,Software
83,93,76,83,0,3,2,0,8.6,HR
59,76,83,72,0,2,1,0,8.6,Teacher
71,89,66,81,1,4,1,1,8.6,HR
91,89,60,86,1,5,2,1,8.6,Software
77,94,71,84,1,4,1,0,8.6,HR
52,61,86,69,0,2,0,1,8.6,Teacher
60,66,88,68,0,3,1,1,8.6,Teacher
83,82,62,81,1,4,1,1,8.6,Software
68,72,84,76,1,2,1,1,8.6,Teacher
87,76,68,81,1,6,2,1,8.6,Software
66,72,86,65,0,2,0,0,8.6,Teacher
63,75,94,75,1,3,1,1,8.6,Teacher
50,79,82,71,0,1,1,0,8.6,Teacher
84,92,79,89,1,5,3,1,8.6,Software
94,82,55,80,1,4,3,1,8.6,Software
80,94,75,80,0,4,1,0,8.6,HR
74,80,77,76,0,6,1,0,8.6,Software
76,89,67,87,1,6,1,0,8.6,HR
81,78,68,75,1,4,3,1,8.6,Software
84,71,69,85,1,5,2,1,8.6,Software
74,92,76,86,0,4,1,1,8.6,HR
90,77,60,83,1,5,2,1,8.6,Software
64,68,84,76,0,2,0,1,8.6,Teacher
84,84,68,84,0,3,2,1,8.6,HR
84,81,58,89,1,6,2,1,8.6,Software
89,89,74,79,1,4,3,1,8.6,Software
80,74,62,77,1,5,4,1,8.6,Software
76,92,71,89,0,3,3,1,8.6,HR
78,90,60,78,1,5,2,1,8.6,HR
83,73,61,89,1,7,3,1,8.6,Software
77,94,78,78,1,3,1,0,8.6,HR
89,73,64,77,1,4,2,1,8.6,Software
67,91,76,78,0,4,3,0,8.6,HR
80,83,65,88,1,4,1,1,8.6,Software
72,91,74,89,0,4,3,0,8.6,HR
67,78,84,79,0,2,1,1,8.6,Teacher
94,88,63,80,1,7,4,1,8.6,Software
69,85,66,84,1,6,1,0,8.6,HR
87,74,74,89,1,5,1,1,8.6,Teacher
66,89,77,81,1,6,2,0,8.6,HR
82,82,70,82,1,6,3,1,8.6,Software
82,75,71,83,1,6,4,1,8.6,Software
66,73,81,68,0,2,0,1,8.6,Teacher
82,75,71,82,1,5,2,1,8.6,Software
64,78,89,72,1,1,0,1,8.6,Teacher
68,83,77,78,1,5,2,0,8.6,HR
65,80,73,83,1,6,2,0,8.6,Teacher
62,70,94,66,1,1,0,0,8.6,Teacher
76,84,71,85,0,6,3,0,8.6,HR
69,88,71,83,1,5,3,0,8.6,HR
51,64,82,76,0,3,0,1,8.6,Teacher
89,82,65,78,1,6,1,1,8.6,Software
67,92,73,87,0,3,1,1,8.6,HR
82,81,56,75,1,6,4,1,8.6,Software
79,81,73,81,1,4,3,0,8.6,HR
85,72,58,85,1,6,3,1,8.6,Software
77,94,62,89,1,6,1,1,8.6,HR
80,72,55,76,1,5,2,1,8.6,Software
88,82,60,76,1,4,4,1,8.6,Software
94,84,67,80,1,4,2,1,8.6,Software
91,89,62,75,1,7,4,1,8.6,Software
60,64,87,74,0,1,0,0,8.6,Teacher
65,60,89,67,0,2,0,1,8.6,Teacher
67,80,68,84,1,6,2,0,8.6,HR
61,61,86,67,0,3,0,1,8.6,Teacher
68,78,85,75,1,1,1,1,8.6,Teacher
72,81,75,79,1,6,3,1,8.6,HR
65,68,89,70,0,2,0,0,8.6,Teacher
64,70,82,72,1,1,0,0,8.6,Teacher
66,83,77,77,1,6,2,0,8.6,HR
61,72,94,78,1,2,0,1,8.6,Teacher
87,76,58,78,1,7,1,1,8.6,Software
70,94,60,81,1,5,3,0,8.6,HR
64,68,82,68,1,1,0,0,8.6,Teacher
64,74,89,67,1,2,1,1,8.6,Teacher
82,71,69,83,1,6,1,1,8.6,Software
79,91,78,77,1,3,3,0,8.6,HR
87,76,68,81,1,5,3,1,8.6,Teacher
72,86,63,77,0,5,3,0,8.6,HR
70,83,62,75,0,6,3,0,8.6,HR
94,79,57,84,1,5,3,1,8.6,Software
62,68,90,68,1,1,1,1,8.6,Teacher
62,60,81,78,0,2,0,0,8.6,Teacher
68,90,67,85,1,4,1,0,8.6,HR
80,93,73,89,1,6,1,0,8.6,Software
92,72,64,79,1,7,1,1,8.6,Software
75,93,66,79,1,4,2,1,8.6,HR
72,93,66,76,0,5,2,1,8.6,HR
79,92,61,78,0,5,3,1,8.6,HR
74,80,65,87,0,5,1,1,8.6,HR
67,84,71,86,1,3,1,0,8.6,HR
91,85,69,88,1,5,3,1,8.6,Software
80,83,64,84,1,3,2,1,8.6,HR
58,76,90,65,1,3,0,0,8.6,Software
63,77,89,73,1,1,1,1,8.6,Teacher
67,91,66,86,1,6,2,1,8.6,HR
90,87,68,88,1,5,3,1,8.6,Software
73,82,77,78,0,4,2,0,8.6,HR
89,84,67,81,1,7,1,1,8.6,Software
71,88,76,85,0,6,2,0,8.6,HR
82,93,79,84,1,3,2,0,8.6,HR
92,83,67,89,1,5,4,1,8.6,Software
80,86,57,85,1,5,2,1,8.6,Software
88,84,63,86,1,6,1,1,8.6,Software
81,89,68,79,1,6,4,1,8.6,Software
68,66,94,73,1,2,0,1,8.6,Teacher
59,65,88,71,0,2,0,1,8.6,Teacher
75,84,74,77,1,4,1,0,8.6,HR
55,73,87,71,0,3,1,0,8.6,Teacher
67,84,66,76,0,5,3,0,8.6,Software
81,88,77,88,1,4,2,1,8.6,HR
53,75,84,71,0,3,0,0,8.6,Teacher
66,76,84,67,1,3,1,0,8.6,Teacher
65,83,65,79,0,5,3,0,8.6,HR
93,73,68,87,1,5,1,1,8.6,Software
78,88,69,84,1,5,1,0,8.6,Teacher
50,63,80,67,1,3,0,1,8.6,Teacher
68,73,90,67,1,2,1,0,8.6,Teacher
58,62,86,68,0,3,0,1,8.6,Teacher
68,88,63,88,0,5,3,1,8.6,HR
84,80,62,84,1,5,4,1,8.6,Software
87,85,66,85,1,5,2,1,8.6,Software
66,76,92,77,1,3,1,0,8.6,Software
84,73,69,79,1,6,1,1,8.6,Software
89,82,66,85,1,4,4,1,8.6,Software
70,92,65,81,1,5,3,0,8.6,HR
74,83,74,77,1,5,1,0,8.6,HR
68,90,70,85,1,3,3,0,8.6,HR
69,78,92,65,0,1,1,1,8.6,Teacher
92,73,70,79,1,7,2,1,8.6,Software
86,83,67,82,1,5,1,1,8.6,Software
91,72,65,89,1,6,2,1,8.6,Software
83,80,72,85,1,4,1,1,8.6,HR
82,93,73,78,0,3,3,1,8.6,HR
84,88,68,77,0,6,1,1,8.6,HR
54,69,86,77,0,2,1,0,8.6,Teacher
54,66,80,77,0,2,0,0,8.6,Teacher
88,72,63,86,1,5,2,1,8.6,Software
64,71,83,79,1,2,0,1,8.6,Teacher
72,88,74,87,1,3,1,1,8.6,HR
55,79,84,74,0,3,1,0,8.6,Teacher
68,91,76,82,0,6,3,1,8.6,Teacher
57,61,82,65,0,3,1,0,8.6,Teacher
79,92,69,88,0,5,2,1,8.6,HR
68,68,92,75,1,3,1,0,8.6,Teacher
50,69,90,70,0,1,0,0,8.6,Teacher
67,64,90,66,0,3,1,0,8.6,Teacher
67,91,71,89,0,5,3,1,8.6,Teacher
66,93,67,80,0,3,1,0,8.6,HR
83,81,67,82,1,7,4,1,8.6,Software
82,75,57,83,1,6,4,1,8.6,Teacher
60,62,82,69,0,1,1,0,8.6,Teacher
61,62,80,65,1,2,0,1,8.6,Teacher
79,91,76,83,1,5,2,0,8.6,HR
86,87,57,75,1,7,1,1,8.6,Software
79,86,77,75,0,4,3,1,8.6,Teacher
69,73,90,71,0,2,0,0,8.6,Teacher
66,75,94,70,1,2,1,0,8.6,Teacher
79,81,72,83,1,3,2,0,8.6,HR
62,76,82,71,0,1,0,0,8.6,Teacher
71,88,71,77,0,3,3,1,8.6,HR
83,85,70,86,0,6,3,0,8.6,Software
69,70,86,68,0,3,0,0,8.6,Teacher
77,86,77,88,0,6,2,0,8.6,HR
81,82,67,80,0,6,1,0,8.6,HR
50,76,91,66,1,2,0,1,8.6,Teacher
90,76,60,88,1,4,1,1,8.6,Software
67,64,88,70,1,2,0,1,8.6,Teacher
59,75,87,70,1,3,0,0,8.6,Teacher
59,68,91,72,1,3,1,0,8.6,Teacher
60,78,85,75,1,3,1,1,8.6,Teacher
57,69,94,77,1,2,1,1,8.6,Teacher
86,76,71,86,1,7,3,1,8.6,Software
79,89,63,85,0,3,1,0,8.6,HR
59,67,87,78,0,2,1,0,8.6,Teacher
63,66,91,76,0,3,0,0,8.6,Teacher
68,72,80,71,1,3,0,1,8.6,Teacher
59,64,91,70,1,3,0,0,8.6,Teacher
74,90,69,83,1,5,1,0,8.6,HR
66,66,93,74,0,3,0,1,8.6,Teacher
68,86,74,85,1,6,3,1,8.6,HR
66,90,69,89,0,6,2,0,8.6,HR
74,80,63,77,0,6,1,1,8.6,HR
86,85,56,82,1,6,3,1,8.6,Software
81,87,58,82,1,7,2,1,8.6,Software
51,61,80,68,0,2,1,1,8.6,Teacher
57,79,83,69,1,3,1,1,8.6,Teacher
67,71,80,71,0,1,0,1,8.6,Teacher
79,83,78,75,1,5,1,1,8.6,HR
86,84,63,89,1,5,4,1,8.6,Software
76,87,64,75,1,3,1,0,8.6,HR
59,65,86,67,1,2,1,1,8.6,Teacher
51,62,89,71,0,2,0,0,8.6,Teacher
66,90,63,85,0,3,2,1,8.6,HR
68,68,80,78,0,2,0,1,8.6,Teacher
80,82,65,87,1,7,4,1,8.6,Software
54,74,94,75,1,3,0,1,8.6,Teacher
61,72,92,77,0,3,0,1,8.6,Teacher
58,76,82,73,1,2,1,0,8.6,HR
82,73,72,76,1,4,3,1,8.6,Software
81,72,64,85,1,6,2,1,8.6,Software
80,79,60,89,1,4,4,1,8.6,Software
75,90,78,82,0,5,2,1,8.6,HR
84,81,73,76,1,6,1,1,8.6,HR
88,79,60,83,1,5,3,1,8.6,Software
59,69,93,74,1,2,1,0,8.6,Teacher
56,67,82,70,0,2,1,0,8.6,Teacher
67,74,94,70,0,3,1,1,8.6,Teacher
83,90,70,78,0,6,2,1,8.6,HR
72,87,79,80,1,3,1,1,8.6,HR
68,73,87,70,1,2,0,0,8.6,Teacher
62,79,80,67,0,1,1,1,8.6,Teacher
54,75,93,78,1,2,0,1,8.6,Teacher
82,87,56,86,1,6,4,1,8.6,Software
89,87,68,84,1,7,2,1,8.6,Software
57,73,87,77,1,3,1,1,8.6,Teacher
77,90,64,87,0,3,3,1,8.6,HR
80,81,72,78,1,5,2,1,8.6,Software
54,60,83,75,1,1,1,1,8.6,Teacher
66,70,83,66,1,2,0,0,8.6,Teacher
66,67,86,78,0,3,0,1,8.6,Teacher
89,79,58,78,1,7,2,1,8.6,Software
54,67,85,77,1,1,0,0,8.6,Teacher
56,77,91,78,0,3,0,0,8.6,Teacher
75,83,62,83,0,3,3,0,8.6,HR
66,92,63,81,1,6,1,0,8.6,HR
69,90,74,77,1,3,3,0,8.6,HR
61,62,81,69,0,3,1,0,8.6,Teacher
92,84,57,77,1,5,4,1,8.6,Software
76,87,79,77,1,4,1,0,8.6,HR
80,80,63,76,1,6,1,0,8.6,HR
78,88,78,80,0,4,3,1,8.6,HR
93,80,67,89,1,7,1,1,8.6,Software
76,94,70,84,1,4,1,1,8.6,HR
53,62,90,67,1,1,1,0,8.6,Teacher
53,79,94,70,1,2,0,0,8.6,Teacher
83,78,62,88,1,6,3,1,8.6,Software
82,78,72,87,1,6,3,1,8.6,Software
70,93,69,78,1,4,1,1,8.6,HR
86,88,58,77,1,5,1,1,8.6,Software
74,88,76,75,0,4,2,1,8.6,HR
58,64,87,75,0,1,1,0,8.6,Teacher
53,76,86,66,1,1,1,1,8.6,Teacher
71,89,74,82,0,4,3,1,8.6,HR
61,70,80,68,0,1,1,0,8.6,Teacher
83,82,71,75,1,4,1,1,8.6,Software
77,89,71,83,1,6,2,1,8.6,HR
80,94,64,86,1,5,2,1,8.6,HR
55,72,88,73,1,1,0,0,8.6,Teacher
56,75,94,79,0,1,0,0,8.6,Teacher
69,82,79,77,0,6,2,1,8.6,HR
78,91,64,79,1,5,3,0,8.6,Software
58,61,81,70,0,1,0,0,8.6,Teacher
67,87,66,78,0,6,1,1,8.6,HR
91,78,68,78,1,4,4,1,8.6,Software
87,83,58,80,1,6,1,1,8.6,Software
86,71,65,82,1,6,1,1,8.6,Software
74,85,63,79,0,5,1,1,8.6,HR
62,72,88,66,0,3,1,0,8.6,Teacher
72,84,75,87,1,5,1,1,8.6,HR
58,79,85,67,0,1,1,1,8.6,Teacher
73,80,72,77,1,6,3,1,8.6,HR
59,65,81,77,0,2,1,1,8.6,Teacher
68,67,83,79,1,3,1,0,8.6,Teacher
70,91,72,86,0,3,2,1,8.6,HR
58,60,83,74,0,3,1,1,8.6,Teacher
50,78,84,77,0,1,0,0,8.6,Teacher
83,84,58,76,1,4,2,1,8.6,Software
58,64,84,72,1,1,0,0,8.6,Teacher
58,65,94,71,1,3,1,0,8.6,Teacher
78,81,76,76,1,6,3,1,8.6,HR
57,77,87,72,1,3,0,0,8.6,Teacher
66,90,79,76,1,6,2,1,8.6,HR
73,94,72,83,0,6,2,0,8.6,HR
66,89,61,75,0,3,2,1,8.6,HR
93,84,71,89,1,4,2,1,8.6,Software
83,84,79,76,0,6,3,0,8.6,HR
92,70,65,88,1,4,3,1,8.6,Software
81,85,57,88,1,6,1,1,8.6,Software
69,82,74,86,1,6,1,0,8.6,HR
50,79,93,73,0,3,1,0,8.6,Teacher
50,67,89,77,0,2,0,1,8.6,Teacher
76,86,65,79,1,4,1,0,8.6,HR
81,71,57,80,1,6,3,1,8.6,Software
78,83,74,77,0,5,2,1,8.6,HR
66,69,83,77,0,3,1,0,8.6,HR
69,62,86,76,0,3,0,0,8.6,Teacher
68,89,61,82,1,6,3,0,8.6,HR
82,84,72,75,1,5,4,1,8.6,Software
67,62,86,72,1,3,0,0,8.6,Teacher
83,71,67,79,1,6,4,1,8.6,Software
54,63,92,73,0,2,0,1,8.6,Teacher
53,72,92,74,0,3,0,0,8.6,Teacher
75,87,62,78,1,3,2,0,8.6,HR
90,80,70,82,1,6,2,1,8.6,Software
78,83,68,76,1,6,2,0,8.6,HR
53,70,84,73,1,1,1,1,8.6,Teacher
77,92,74,76,0,3,3,1,8.6,HR
66,89,77,87,0,6,1,1,8.6,HR
58,66,91,68,0,1,0,0,8.6,Teacher
85,70,74,82,1,4,4,1,8.6,Software
76,80,79,82,0,3,2,0,8.6,HR
67,66,92,72,0,1,0,0,8.6,Teacher
81,82,72,89,1,7,1,1,8.6,Software
68,87,72,78,1,3,1,1,8.6,HR
77,81,75,83,1,5,1,1,8.6,HR
55,62,89,73,1,2,1,1,8.6,Teacher
77,87,68,85,0,5,2,0,8.6,Teacher
72,81,78,76,1,6,2,1,8.6,HR
92,82,57,88,1,6,3,1,8.6,Software
80,83,72,85,1,7,4,1,8.6,Software
82,75,72,79,1,6,4,1,8.6,Software
76,82,65,82,1,6,1,0,8.6,HR
64,60,85,78,0,1,0,1,8.6,Teacher
58,61,93,67,1,1,0,0,8.6,Teacher
61,75,94,77,0,1,0,0,8.6,Teacher
84,75,73,87,1,5,4,1,8.6,Software
73,89,66,79,1,6,2,1,8.6,HR
92,78,63,80,1,5,3,1,8.6,Software
67,82,62,83,1,4,3,1,8.6,HR
65,72,88,67,0,1,0,1,8.6,Teacher
93,88,63,83,1,5,1,1,8.6,Software
87,89,63,78,1,4,3,1,8.6,Software
80,83,65,84,1,6,3,1,8.6,Software
69,78,93,66,1,2,0,0,8.6,Teacher
92,89,68,79,1,5,1,1,8.6,HR
76,86,68,88,1,5,1,0,8.6,HR
68,82,76,86,1,4,3,0,8.6,HR
90,82,62,85,1,7,4,1,8.6,Software
58,79,93,74,1,3,0,0,8.6,Teacher
53,75,83,70,0,3,0,0,8.6,Teacher
88,82,57,85,1,5,4,1,8.6,Software
83,86,71,89,1,6,3,1,8.6,Software
85,73,63,81,1,6,3,1,8.6,Software
56,79,80,67,0,3,1,1,8.6,Teacher
76,88,76,84,1,5,1,1,8.6,HR
71,87,76,81,0,3,2,0,8.6,HR
86,83,72,81,1,6,4,1,8.6,Software
64,77,88,65,0,1,1,0,8.6,Teacher
62,79,89,69,1,3,1,0,8.6,Teacher
80,80,55,77,1,7,3,1,8.6,Software
65,73,83,78,1,2,1,1,8.6,Teacher
82,82,61,83,1,6,2,1,8.6,HR
77,81,66,76,0,4,1,1,8.6,HR
78,92,77,78,1,6,1,1,8.6,HR
54,60,82,74,0,3,1,0,8.6,Teacher
91,82,68,79,1,6,4,1,8.6,Software
89,85,59,81,1,6,2,1,8.6,Software
68,63,87,68,0,2,0,0,8.6,Teacher
67,65,83,70,1,1,1,1,8.6,Teacher
76,87,76,80,0,6,2,0,8.6,Teacher
80,89,72,80,1,6,4,1,8.6,Software
81,74,60,76,1,7,3,1,8.6,Software
84,79,68,78,1,4,1,1,8.6,Software
59,76,94,66,0,2,0,1,8.6,Software
77,92,60,76,0,6,1,1,8.6,Teacher
58,63,82,78,1,1,1,0,8.6,Teacher
51,74,94,75,0,3,0,0,8.6,Teacher
68,60,84,79,0,1,1,0,8.6,Teacher
93,75,66,87,1,4,4,1,8.6,Software
74,86,61,75,1,4,3,1,8.6,HR
78,82,64,81,0,5,3,0,8.6,Software
81,78,56,76,1,7,3,1,8.6,Software
73,83,76,89,0,4,3,1,8.6,HR
84,71,68,82,1,5,3,1,8.6,Software
68,71,87,68,1,3,1,1,8.6,Teacher
67,82,74,80,1,3,3,0,8.6,HR
84,75,66,81,1,4,2,1,8.6,Software
74,85,79,80,1,3,3,1,8.6,HR
81,81,62,79,1,6,1,1,8.6,Software
70,86,71,81,0,5,3,1,8.6,HR
84,85,69,84,1,5,2,1,8.6,Software
81,88,71,80,0,6,2,1,8.6,HR
52,77,85,74,0,2,0,1,8.6,Teacher
88,72,70,78,1,7,2,1,8.6,Software
83,88,76,81,0,6,2,1,8.6,HR
87,86,59,87,1,7,2,1,8.6,Software
67,81,78,87,0,4,2,1,8.6,HR
74,84,76,80,0,5,1,0,8.6,HR
73,88,73,84,1,6,2,0,8.6,HR
89,82,56,89,1,6,2,1,8.6,Software
83,83,68,77,1,6,1,0,8.6,HR
87,87,58,82,1,6,1,1,8.6,Software
80,70,60,77,1,6,4,1,8.6,Software
77,86,71,81,1,5,2,0,8.6,HR
77,91,73,87,0,3,2,0,8.6,HR
70,87,77,75,1,4,2,1,8.6,HR
93,82,57,89,1,6,3,1,8.6,Software
72,86,73,82,0,6,3,0,8.6,HR
54,69,87,75,0,1,0,0,8.6,Teacher
92,75,69,77,1,4,3,1,8.6,Software
89,81,56,85,1,4,3,1,8.6,Software
90,87,74,88,1,7,3,1,8.6,Software
68,66,84,74,1,2,0,0,8.6,Teacher
69,86,69,89,0,5,1,1,8.6,HR
73,93,64,85,0,6,2,0,8.6,HR
74,89,68,88,0,6,3,1,8.6,HR
94,73,73,79,1,6,1,1,8.6,Software
66,74,83,70,1,2,1,1,8.6,Teacher
50,60,83,77,0,2,1,0,8.6,Teacher
90,73,56,81,1,4,2,1,8.6,Software
63,69,82,73,0,3,1,0,8.6,Teacher
93,82,62,80,1,5,1,1,8.6,Software
87,83,72,82,1,7,3,1,8.6,Software
81,93,70,77,0,3,1,0,8.6,HR
81,84,57,75,1,4,2,1,8.6,Software
82,72,67,85,1,5,4,1,8.6,Software
86,89,74,83,1,5,3,1,8.6,Software
68,66,82,70,1,3,0,0,8.6,Teacher
64,78,88,75,1,1,0,0,8.6,Teacher
69,70,89,76,0,2,0,0,8.6,Teacher
88,84,61,75,1,4,1,1,8.6,Software
65,64,82,77,0,3,0,1,8.6,Teacher
71,88,60,79,1,3,1,0,8.6,HR
68,62,93,69,1,2,0,0,8.6,Teacher
68,84,66,81,0,3,1,0,8.6,HR
68,81,65,76,0,4,3,1,8.6,HR
87,83,55,75,1,7,1,1,8.6,Software
76,93,66,85,1,3,3,0,8.6,HR
80,78,64,78,1,5,4,1,8.6,Software
82,83,79,77,0,6,2,0,8.6,HR
69,74,89,72,0,3,0,0,8.6,Teacher
76,91,75,83,1,5,1,1,8.6,HR
80,92,67,76,0,3,2,0,8.6,HR
69,90,79,77,0,5,2,0,8.6,HR
68,64,82,69,0,1,1,1,8.6,Teacher
69,93,72,84,0,3,3,1,8.6,HR
94,84,57,88,1,5,2,1,8.6,Software
92,87,57,84,1,6,1,1,8.6,Software
80,83,67,86,0,6,2,1,8.6,HR
73,84,78,76,1,3,2,0,8.6,HR
68,94,77,83,0,4,2,0,8.6,HR
63,66,92,73,0,1,1,0,8.6,Teacher
60,70,92,78,1,1,0,1,8.6,Teacher
54,66,81,70,1,1,0,1,8.6,Teacher
68,77,88,79,0,1,1,1,8.6,Teacher
86,78,56,87,1,5,1,1,8.6,Software
69,82,70,79,1,5,1,1,8.6,HR
78,90,79,75,0,6,2,1,8.6,HR
63,66,87,65,1,2,1,0,8.6,Teacher
68,93,78,86,1,5,3,1,8.6,HR
82,83,69,76,1,4,3,1,8.6,Software
81,83,71,85,1,4,1,1,8.6,Software
61,72,81,77,0,1,0,1,8.6,Teacher
92,83,74,77,1,5,3,1,8.6,Software
67,69,94,79,1,2,0,1,8.6,Teacher
68,65,84,74,0,1,0,1,8.6,Teacher
82,73,69,86,1,5,4,1,8.6,Software
53,65,92,79,1,1,1,0,8.6,Teacher
57,66,88,74,1,3,0,0,8.6,Teacher
82,84,73,76,1,4,3,1,8.6,Software
59,77,80,76,0,3,0,0,8.6,Teacher
63,71,85,68,0,1,1,0,8.6,Teacher
55,70,82,69,1,2,1,0,8.6,Teacher
61,79,92,71,1,2,1,1,8.6,Teacher
91,87,55,78,1,5,3,1,8.6,Software
81,85,61,83,1,4,3,1,8.6,Software
82,82,62,87,0,3,3,0,8.6,HR
80,82,74,81,0,5,3,1,8.6,HR
66,92,61,83,0,3,3,1,8.6,HR
59,78,91,78,1,2,1,1,8.6,Teacher
86,81,62,83,1,5,4,1,8.6,Software
53,60,85,65,0,3,0,0,8.6,Teacher
91,81,59,79,1,5,2,1,8.6,Software
90,84,63,88,1,7,1,1,8.6,Software
84,86,58,89,1,6,4,1,8.6,Software
65,66,87,72,1,3,0,0,8.6,Teacher
55,65,92,68,1,3,0,1,8.6,Teacher
62,75,84,67,0,3,0,1,8.6,HR
90,74,67,79,1,6,1,1,8.6,Software
84,89,72,86,0,5,3,1,8.6,HR
83,82,72,88,1,4,4,1,8.6,Software
87,74,60,79,1,5,1,1,8.6,Software
53,62,81,72,1,2,0,0,8.6,Teacher
83,81,75,86,0,4,3,1,8.6,HR
81,93,66,87,1,4,1,1,8.6,HR
67,74,86,79,0,1,0,1,8.6,Teacher
59,64,84,70,1,2,1,1,8.6,Teacher
81,85,63,87,1,7,3,1,8.6,Software
62,76,82,76,0,1,0,0,8.6,Teacher
86,74,58,78,1,5,4,1,8.6,Software
66,81,79,76,0,6,1,0,8.6,HR
58,63,84,69,0,3,0,1,8.6,Teacher
72,84,79,75,0,3,1,0,8.6,HR
50,64,90,71,0,2,1,1,8.6,Teacher
55,64,80,67,0,3,0,0,8.6,Teacher
89,72,74,78,1,6,1,1,8.6,Software
90,88,65,85,1,7,1,1,8.6,Software
57,78,82,66,0,2,1,1,8.6,Teacher
53,70,90,69,1,3,1,1,8.6,Teacher
88,84,71,86,1,7,1,1,8.6,Software
52,60,94,71,1,3,1,1,8.6,Teacher
50,72,83,68,1,2,0,0,8.6,Teacher
80,89,68,76,0,4,3,1,8.6,HR
88,70,74,78,1,5,2,1,8.6,Software
54,60,80,68,0,1,1,0,8.6,Teacher
94,80,64,82,1,4,4,1,8.6,Software
88,71,65,75,1,6,2,1,8.6,Software
84,88,62,79,0,5,1,0,8.6,Teacher
73,86,76,87,0,5,1,0,8.6,HR
70,91,62,81,1,6,3,0,8.6,HR
68,89,60,87,1,5,1,1,8.6,HR
92,77,68,84,1,6,3,1,8.6,Software
56,63,89,76,1,2,0,0,8.6,Teacher
67,81,78,86,0,6,1,0,8.6,HR
82,81,55,77,1,6,1,1,8.6,Teacher
61,62,86,76,1,2,1,0,8.6,Teacher
52,71,88,69,1,2,0,1,8.6,HR
83,87,72,80,1,4,3,1,8.6,Software
69,84,68,88,0,3,1,0,8.6,HR
86,87,66,85,1,5,1,1,8.6,Software
82,71,56,88,1,4,1,1,8.6,Software
68,72,94,76,1,3,1,0,8.6,Teacher
63,76,86,65,0,3,0,1,8.6,Teacher
72,80,64,87,0,3,3,0,8.6,HR
81,93,65,82,1,3,3,1,8.6,HR
75,84,65,89,0,4,3,1,8.6,HR
77,87,62,83,1,3,2,1,8.6,HR
67,93,60,89,0,3,2,1,8.6,HR
71,85,71,83,1,5,3,1,8.6,HR
65,85,67,82,0,6,1,1,8.6,HR
91,78,63,89,1,5,2,1,8.6,Software
63,63,91,71,0,1,0,0,8.6,Teacher
94,83,72,75,1,7,4,1,8.6,Software
61,67,89,68,1,1,0,0,8.6,Teacher
67,71,90,75,0,3,1,0,8.6,Teacher
57,74,94,69,1,2,1,1,8.6,Teacher
62,71,85,70,0,1,0,1,8.6,Teacher
86,73,65,85,1,4,4,1,8.6,Software
68,93,61,79,1,5,1,0,8.6,HR
67,73,93,72,1,1,1,1,8.6,Teacher
79,80,66,88,1,3,3,1,8.6,HR
66,63,84,76,0,2,1,1,8.6,Teacher
70,88,74,87,1,4,2,0,8.6,HR
64,69,86,65,0,2,0,1,8.6,Teacher
73,84,60,76,0,5,3,0,8.6,HR
84,83,63,80,1,3,1,1,8.6,HR
92,77,74,89,1,5,3,1,8.6,Software
66,65,83,78,1,2,1,1,8.6,Teacher
81,85,73,76,1,3,2,0,8.6,HR
65,62,81,70,0,1,0,1,8.6,Teacher
76,88,71,75,0,5,2,0,8.6,HR
80,78,58,81,1,7,2,1,8.6,HR
53,60,80,71,0,1,1,1,8.6,Teacher
65,65,89,72,1,1,0,0,8.6,Teacher
87,76,74,80,1,4,4,1,8.6,Software
90,82,73,84,1,4,2,1,8.6,Software
60,77,82,76,0,3,1,1,8.6,Teacher
74,91,72,82,1,5,1,0,8.6,HR
84,82,63,82,1,6,2,1,8.6,Software
53,71,80,66,0,3,0,1,8.6,Teacher
79,89,66,86,0,6,3,1,8.6,HR
92,81,57,78,1,5,3,1,8.6,Software
83,86,68,77,0,4,2,1,8.6,Teacher
67,61,88,77,0,2,0,1,8.6,Teacher
88,82,71,82,1,7,3,1,8.6,Software
73,88,73,77,1,6,2,1,8.6,HR
75,94,60,82,1,3,1,0,8.6,HR
54,79,80,69,1,1,1,1,8.6,Teacher
89,84,57,82,1,4,4,1,8.6,Software
78,80,68,86,0,4,3,1,8.6,HR
66,87,68,76,1,6,2,1,8.6,HR
66,90,73,78,0,3,3,1,8.6,HR
62,70,83,77,0,3,1,0,8.6,Teacher
92,76,73,82,1,6,1,1,8.6,Software
53,63,88,72,1,1,0,1,8.6,Teacher
87,85,65,84,1,7,1,1,8.6,Software
52,60,87,76,0,2,0,0,8.6,Teacher
84,92,63,88,0,5,3,0,8.6,HR
87,77,65,76,1,5,4,1,8.6,Software
81,94,71,81,0,5,3,0,8.6,HR
53,71,89,79,1,1,0,0,8.6,Teacher
78,82,65,87,1,4,3,0,8.6,HR
75,91,70,82,1,4,2,0,8.6,HR
65,66,85,76,0,3,1,0,8.6,Teacher
66,81,72,83,0,5,1,0,8.6,HR
73,83,62,81,1,3,1,1,8.6,HR
73,88,61,77,1,4,3,0,8.6,HR
60,61,88,79,1,1,0,1,8.6,Teacher
63,72,83,68,0,2,0,0,8.6,Teacher
82,84,65,85,1,6,4,1,8.6,Software
71,84,60,89,1,6,1,1,8.6,HR
92,70,61,85,1,6,4,1,8.6,Software
54,60,82,76,1,3,1,0,8.6,Teacher
65,81,71,86,0,5,3,0,8.6,HR
68,84,65,81,0,4,2,0,8.6,Teacher
57,72,89,73,1,1,1,0,8.6,Teacher
83,88,69,77,1,5,4,1,8.6,Software
56,71,91,68,0,1,1,0,8.6,Teacher
65,78,91,70,0,3,0,1,8.6,Teacher
66,62,94,77,1,3,1,0,8.6,Teacher
81,87,61,80,0,4,1,1,8.6,HR
68,88,60,81,1,3,1,1,8.6,HR
62,75,80,77,0,2,0,0,8.6,Teacher
68,70,82,71,1,1,1,0,8.6,Teacher
62,77,82,75,0,2,1,0,8.6,Teacher
70,80,68,79,0,5,3,1,8.6,HR
57,69,85,77,0,3,1,0,8.6,Teacher
69,67,82,78,0,1,1,0,8.6,Teacher
54,65,83,78,1,1,1,0,8.6,Teacher
69,68,90,71,0,1,1,1,8.6,Teacher
57,66,91,73,1,3,0,1,8.6,Teacher
75,92,63,82,0,5,1,0,8.6,HR
90,84,65,87,1,5,4,1,8.6,Software
55,68,94,75,0,2,1,0,8.6,Teacher
91,86,67,78,1,4,4,1,8.6,Software
68,69,93,76,0,3,1,0,8.6,Teacher
88,86,67,75,1,6,1,1,8.6,Software
73,80,70,77,1,4,3,1,8.6,HR
84,93,76,76,0,6,3,1,8.6,HR
68,76,92,70,1,3,0,0,8.6,Teacher
76,85,67,84,0,4,3,0,8.6,HR
74,80,73,76,1,3,3,0,8.6,HR
80,92,65,85,0,6,1,1,8.6,HR
53,72,94,79,1,2,0,1,8.6,Teacher
76,85,67,83,1,4,1,0,8.6,HR
82,93,65,81,1,4,2,0,8.6,HR
77,88,71,83,1,6,1,1,8.6,HR
88,88,59,81,1,7,4,1,8.6,Software
55,75,94,73,1,2,0,0,8.6,Teacher
64,67,83,66,0,1,0,0,8.6,Teacher
52,78,92,76,0,2,1,1,8.6,Teacher
58,71,80,66,0,1,1,1,8.6,Teacher
80,84,63,75,1,4,3,1,8.6,HR
58,79,87,75,0,3,0,1,8.6,Teacher
81,72,72,78,1,5,1,1,8.6,Software
63,70,89,72,1,1,0,1,8.6,Teacher
88,77,66,88,1,5,2,1,8.6,Software
55,62,82,67,0,1,1,1,8.6,Teacher
67,88,62,76,1,6,2,0,8.6,HR
87,77,70,76,1,7,3,1,8.6,Software
66,81,76,88,0,3,3,0,8.6,HR
66,93,70,76,0,5,3,0,8.6,HR
83,76,64,87,1,4,4,1,8.6,Software
92,83,66,89,1,6,1,1,8.6,Software
67,76,89,75,0,1,0,1,8.6,Teacher
85,70,62,75,1,7,3,1,8.6,Software
80,78,65,81,1,4,3,1,8.6,Software
62,68,84,73,1,1,1,1,8.6,Teacher
65,74,86,79,0,2,0,0,8.6,Teacher
70,89,74,89,0,3,3,0,8.6,HR
91,79,74,82,1,4,1,1,8.6,Software
82,86,61,87,1,5,3,1,8.6,Software
55,75,85,69,1,2,1,0,8.6,Teacher
81,81,78,87,1,3,1,1,8.6,HR
80,89,74,78,0,4,3,0,8.6,HR
83,88,65,82,1,6,4,1,8.6,Software
68,67,87,68,1,1,0,0,8.6,Teacher
81,74,61,85,1,5,3,1,8.6,Software
56,64,94,76,0,2,0,0,8.6,Teacher
91,71,58,75,1,7,3,1,8.6,Software
58,64,82,70,0,3,1,0,8.6,Teacher
93,73,59,77,1,5,2,1,8.6,Software
86,86,57,89,1,5,4,1,8.6,Software
50,63,83,65,1,3,1,0,8.6,Teacher
68,94,76,86,0,4,3,1,8.6,HR
91,85,68,78,1,5,4,1,8.6,Software
88,79,72,80,1,6,3,1,8.6,Software
80,86,64,82,1,5,1,1,8.6,Teacher
67,87,61,77,1,3,1,0,8.6,HR
71,81,65,81,1,4,2,1,8.6,HR
86,72,62,82,1,6,4,1,8.6,Software
87,82,55,84,1,4,1,1,8.6,Software
83,73,56,89,1,5,3,1,8.6,Software
81,93,75,86,1,6,3,1,8.6,HR
80,89,71,81,0,4,1,0,8.6,HR
66,72,89,75,1,1,1,1,8.6,Teacher
77,86,75,82,0,4,1,0,8.6,HR
77,82,78,81,1,6,1,1,8.6,Software
60,63,91,77,0,2,1,1,8.6,Teacher
64,77,83,76,0,1,1,0,8.6,Teacher
68,83,68,84,1,5,1,1,8.6,HR
61,79,91,75,1,3,1,1,8.6,Teacher
63,66,82,68,1,3,1,0,8.6,Teacher
56,72,83,72,0,3,1,1,8.6,Teacher
87,76,61,82,1,4,3,1,8.6,Software
93,74,62,82,1,5,2,1,8.6,Software
93,79,73,82,1,4,4,1,8.6,Software
65,78,88,65,1,3,0,1,8.6,Teacher
60,70,84,68,0,2,1,1,8.6,Teacher
66,62,93,79,0,3,0,1,8.6,Teacher
84,78,69,75,1,7,2,1,8.6,Software
83,82,59,84,1,7,1,1,8.6,Software
89,87,61,75,1,6,4,1,8.6,Software
52,70,81,74,0,1,0,0,8.6,Teacher
66,73,86,70,0,1,0,1,8.6,Teacher
72,87,72,84,0,5,1,1,8.6,HR
65,66,87,70,1,3,1,1,8.6,HR
87,87,58,78,1,4,3,1,8.6,Software
77,81,62,87,0,4,3,1,8.6,Software
61,62,84,72,0,2,0,0,8.6,Teacher
80,87,62,86,0,4,1,0,8.6,HR
90,70,70,75,1,6,1,1,8.6,Software
61,74,91,73,0,1,1,1,8.6,Teacher
56,68,83,78,1,2,0,1,8.6,HR
87,82,70,87,1,6,4,1,8.6,Software
86,73,66,76,1,5,4,1,8.6,Software
73,94,73,89,0,6,2,0,8.6,HR
89,79,56,77,1,7,2,1,8.6,Software
68,78,93,79,1,1,1,0,8.6,Teacher
85,88,73,89,1,6,3,1,8.6,Software
80,87,67,75,1,7,3,1,8.6,Software
82,73,60,82,1,4,3,1,8.6,Software
56,74,82,70,0,1,1,1,8.6,Teacher
81,84,59,89,1,7,4,1,8.6,Software
91,80,68,83,1,6,2,1,8.6,Software
69,74,81,65,0,3,0,0,8.6,Teacher
67,75,83,77,1,1,0,1,8.6,Teacher
63,78,84,69,0,2,1,0,8.6,Teacher
76,80,69,80,0,3,1,1,8.6,HR
73,89,65,77,1,6,2,0,8.6,HR
76,86,67,88,0,4,3,1,8.6,HR
73,91,65,77,1,3,3,1,8.6,HR
80,91,60,88,0,5,2,0,8.6,HR
88,87,68,80,1,7,4,1,8.6,Software
65,66,90,69,0,1,1,1,8.6,Teacher
65,61,88,78,0,2,1,1,8.6,Teacher
91,77,60,82,1,6,1,1,8.6,Software
93,82,56,77,1,7,3,1,8.6,Software
60,62,89,78,1,2,0,1,8.6,Teacher
66,81,75,83,1,3,3,0,8.6,HR
60,67,90,77,0,3,0,1,8.6,Teacher
52,63,92,74,1,2,1,1,8.6,Teacher
81,78,68,79,1,6,4,1,8.6,Software
67,63,94,75,1,3,0,0,8.6,Teacher
90,82,73,80,1,5,3,1,8.6,Software
90,81,55,85,1,7,2,1,8.6,Software
80,86,67,89,1,6,1,1,8.6,HR
87,74,69,85,1,7,1,1,8.6,Software
89,77,71,87,1,7,1,1,8.6,Software
58,63,89,69,1,2,0,1,8.6,Teacher
56,70,94,72,0,1,0,0,8.6,Teacher
83,78,68,76,1,4,1,1,8.6,Software
66,91,70,89,0,3,1,1,8.6,HR
80,88,78,86,0,4,1,0,8.6,HR
78,83,64,85,1,6,3,0,8.6,HR
93,86,62,89,1,5,4,1,8.6,Software
53,78,84,70,0,2,0,0,8.6,Teacher
66,79,94,65,1,2,0,1,8.6,Teacher
54,62,80,77,1,1,0,1,8.6,Teacher
82,77,55,76,1,6,1,1,8.6,Software
68,80,68,78,0,5,2,0,8.6,HR
71,80,74,87,1,3,2,1,8.6,HR
85,83,60,88,1,5,4,1,8.6,Software
58,72,85,77,0,2,1,0,8.6,Teacher
57,63,92,77,0,1,1,1,8.6,Teacher
94,83,58,80,1,6,1,1,8.6,Software
71,90,79,78,1,4,2,1,8.6,HR
80,84,72,83,1,5,4,1,8.6,Software
53,71,90,72,0,1,1,0,8.6,Teacher
61,75,91,78,1,3,0,0,8.6,Teacher
59,75,90,66,0,2,1,0,8.6,Teacher
71,93,71,79,0,5,3,1,8.6,HR
67,93,72,87,1,4,1,0,8.6,HR
91,76,74,76,1,6,3,1,8.6,Software
88,81,59,76,1,6,3,1,8.6,Software
94,87,66,81,1,4,2,1,8.6,Software
91,80,64,81,1,7,2,1,8.6,Software
56,72,84,74,1,3,1,0,8.6,HR
73,83,78,85,1,5,3,1,8.6,HR
83,87,68,88,1,5,1,1,8.6,Software
79,84,72,88,1,5,3,0,8.6,HR
66,90,72,89,1,4,1,1,8.6,HR
67,78,93,79,1,2,0,1,8.6,Teacher
59,71,89,67,1,1,1,1,8.6,Teacher
83,88,60,77,1,6,4,1,8.6,Software
82,71,74,75,1,7,1,1,8.6,Software
71,82,71,81,0,4,1,0,8.6,HR
62,66,93,79,0,3,1,0,8.6,Teacher
88,83,57,89,1,6,3,1,8.6,Software
65,71,82,79,1,3,1,1,8.6,Teacher
84,79,68,79,1,6,3,1,8.6,Software
89,84,59,75,1,7,3,1,8.6,Software
52,77,83,78,1,2,1,1,8.6,Teacher
81,82,63,85,1,5,1,0,8.6,HR
71,85,62,85,1,6,2,0,8.6,HR
89,87,74,80,1,7,3,1,8.6,Software
76,85,62,89,0,5,3,0,8.6,HR
76,88,75,82,1,5,1,1,8.6,HR
76,91,62,76,0,4,1,1,8.6,HR
63,69,87,77,1,2,1,0,8.6,Teacher
53,73,89,72,1,1,0,1,8.6,Teacher
75,94,72,76,1,3,1,1,8.6,HR
69,79,81,73,0,3,0,0,8.6,Teacher
50,73,83,74,1,2,0,1,8.6,Teacher
67,74,88,70,1,3,0,1,8.6,Teacher
60,69,80,76,1,1,1,0,8.6,Teacher
78,90,70,75,1,3,3,1,8.6,HR
82,82,64,89,1,7,2,1,8.6,Software
52,78,85,68,1,2,1,1,8.6,Teacher
65,91,78,80,0,4,2,1,8.6,HR
80,94,79,79,0,4,1,0,8.6,HR
55,67,92,67,0,3,0,0,8.6,Teacher
68,75,90,74,0,1,0,1,8.6,Teacher
81,70,66,80,1,5,2,1,8.6,Software
87,86,63,78,1,4,2,1,8.6,Software
72,94,61,75,0,4,1,1,8.6,HR
60,70,82,73,0,3,0,1,8.6,Teacher
81,71,74,83,1,6,2,1,8.6,Teacher
92,71,57,81,1,4,2,1,8.6,Software
87,81,62,77,1,4,3,1,8.6,Software
84,84,69,85,1,4,4,1,8.6,Software
89,89,60,82,1,6,3,1,8.6,Software
87,86,70,78,1,6,1,1,8.6,Software
83,94,62,78,0,3,2,1,8.6,HR
70,90,72,85,0,3,1,1,8.6,HR
69,74,92,74,0,1,1,0,8.6,Teacher
89,78,63,75,1,7,3,1,8.6,Software
92,85,69,89,1,6,2,1,8.6,Software
69,66,94,71,1,1,1,1,8.6,Teacher
66,60,94,73,1,3,1,1,8.6,Teacher
70,88,73,77,0,5,2,1,8.6,HR
69,68,87,66,0,1,1,1,8.6,Teacher
65,67,85,66,1,2,1,1,8.6,Teacher
81,84,72,89,1,7,4,1,8.6,Software
63,76,92,69,1,3,0,1,8.6,Teacher
84,84,65,84,1,3,1,0,8.6,HR
90,81,64,83,1,4,1,1,8.6,Software
54,68,92,67,1,3,1,0,8.6,Teacher
60,74,81,70,1,3,1,0,8.6,Teacher
71,89,79,88,1,3,2,0,8.6,Teacher
55,63,80,66,0,3,0,0,8.6,Teacher
53,68,92,78,1,2,1,1,8.6,Teacher
67,61,91,74,1,3,1,0,8.6,Teacher
88,85,69,76,1,6,2,1,8.6,Software
93,80,63,82,1,5,2,1,8.6,Software
66,70,80,76,1,1,0,1,8.6,Teacher
87,85,61,85,1,7,4,1,8.6,Software
78,87,70,76,1,6,2,1,8.6,HR
94,71,67,89,1,5,2,1,8.6,Software
85,86,56,77,1,7,2,1,8.6,Software
82,75,74,85,1,4,3,1,8.6,Software
73,80,69,76,0,5,1,0,8.6,HR
66,72,92,78,1,3,1,0,8.6,Teacher
83,71,57,86,1,6,2,1,8.6,Software
77,85,71,83,1,3,1,1,8.6,HR
63,78,85,67,0,2,1,1,8.6,Teacher
73,87,65,77,0,5,1,1,8.6,HR
81,81,65,84,0,6,2,0,8.6,HR
92,86,60,85,1,6,4,1,8.6,Software
87,78,55,80,1,6,3,1,8.6,Software
82,93,71,87,1,4,1,0,8.6,HR
